Kenai Golf Course,"1420 Lawton Dr Kenai, AK 99611 United States",,9072837500,,
Full Swing Golf of Alaska,"9360 Old Seward Hwy Anchorage, AK 99515 United States",,907-344-4653,,
Anchorage Golf Course,"3651 O'Malley Rd Anchorage, AK 99507 United States",,9075223363,,
Moose Run Golf Course,"27000 Artic Valley Rd Fort Richardson, AK 99505 United States",,9074280056,,
Palmer Golf Course,"1000 Lepak Avenue Palmer, AK 99645 United States",,9077454653,,
Semiahmoo Golf Course,"8720 Semiahmoo Pkwy Blaine, WA 98230 United States",,3603717005,,
San Juan Golf and Country Club,"806 Golf Course Rd Friday Harbor, WA 98250 United States",,3603782254,,
Dungeness Golf Course,"1965 Woodcock Rd Sequim, WA 98382 United States",,3606836344,,
Ocean Shores Golf Club,"500 Canal Dr NE Ocean Shores, WA 98569 United States",,3602893357,,
North Bellingham Golf Course,"205 W Smith Rd Bellingham, WA 98226 United States",,3603988300,,
Pro Golf Discount Seattle,"4225 Guide Meridian St Bellingham, WA 98226 United States",,360-738-7101,,
Shuksan Golf Club,"1500 E Axton Rd Bellingham, WA 98226 United States",,3603988888,,
DEAN RUSSELL GOLF SHOP,"2421 RIMLAND BELLINGHAM, WA 98226 United States",,,,
Discovery Bay Golf Club,"7401 Cape George Rd Port Townsend, WA 98368 United States",,3603850704,,
Port Townsend Golf Course,"1948 Blaine St Port Townsend, WA 98368 United States",,3603854547,,
Skagit Golf and Country Club,"16701 Country Club Dr Burlington, WA 98233 United States",,3607570530,,
Avalon Golf Links,"19345 Kelleher Rd Burlington, WA 98233 United States",,3607571900,,
Highland Golf Course,"2200 1st Street Cosmopolis, WA 98537 United States",,3605332455,,
Grays Harbor Country Club,"5300 Central Park Dr Aberdeen, WA 98520 United States",,3605321931,,
Eaglemont Golf Club,"4800 Eaglemont Dr Mount Vernon, WA 98274 United States",,3604240800,,
PORT LUDLOW GOLF COURSE SHIP,"751 HIGHLAND DR PORT LUDLOW, WA 98365 United States",,,,
Alderbrook Golf and Yacht,"330 E Country Club Dr E Union, WA 98592 United States",,3608982560,,
Gearhart Golf Links,"1157 No Marion St Gearhart, OR 97138 United States",,5037383538,,
Kitsap Golf and Country Club,"3885 NW Golf Club Hill Rd Bremerton, WA 98312 United States",,3603735101,,
White Horse Golf Club,"22795 Three Lions Pl NE Kingston, WA 98346 United States",,3602974468,,
Gold Mountain Golf Course,"7263 W Belfair Valley Rd Bremerton, WA 98312 United States",,3604155432,,
Bonaventure Discount Golf,"603 Frontage Rd NW Augusta, GA 30907 United States",,706-868-6448,,
Edwin Watts,"592 Bobby Jones Expressway Martinez, GA 30907 United States",,706-855-5153,,
The River Golf Club,"307 Riverside Blvd North Augusta, SC 29841 United States",,8032020110,,
Champions Retreat Golf Club,"37 Champions Pkwy Evans, GA 30809 United States",,7068546960,,
Willow Lake Golf Club,"550 W Willow Lake Dr Metter, GA 30439 United States",,9126852724,,
Harbor Club,"1111 Polo Circle Greensboro, GA 30642 United States",,7064534414,,
Pine Oaks Golf Course,"755 Warner Robins St Robins Afb, GA 31098 United States",,4789264103,,
Orangeburg Country Club,"2745 Griffith Dr Orangeburg, SC 29118 United States",,8035346069,,
The International City Golf,"100 Sandy Run Ln Warner Robins, GA 31088 United States",,4783220276,,
Idle Hour Golf and Country Club,"251 Idle Hour Dr Macon, GA 31210 United States",,4784772092,,
The Links at Stoney Point,"709 Swing About Greenwood, SC 29649 United States",,8649420900,,
Brays Island Plantation,"1 Bryans Ferry Place Sheldon, SC 29941 United States",,8438463100,,
The Creek Golf Course at Hard Labor,"1400 Knox Chapel Road Rutledge, GA 30663 United States",,7065573006,,
Hidden Cypress Golf Club,"672 Cypress Hills Dr Bluffton, SC 29909 United States",,8437054999,,
Houston Lake Country Club,"2323 Ga Highway 127 Perry, GA 31069 United States",,4782185252,,
Berkeley Hall Golf Club,"366 Good Hope Rd Bluffton, SC 29909 United States",,8438158444,,
WEED HILL DRIVING RANGE/KOOSA GOLF,"5058 SUNSET BLVD LEXINGTON, SC 29072 United States",,,,
Callawassie Island Club,"20 Clubhouse Dr Okatie, SC 29909 United States",,8435211533,,
Mid-Carolina Club,"3593 Kiblers Bridge Rd Prosperity, SC 29127 United States",,8033643193,,
Pro Golf Discount,"1414 Fording Island RD Hilton Head, SC 29910 United States",,843-837-9600,,
Ford Plantation Golf Club,"1 Club House Dr Richmond Hill, GA 31324 United States",,9127562742,,
Edwin Watts,"7700 Abercorn St Savannah, GA 31406 United States",,912-355-0815,,
PGA TOUR SUPERSTORE #1208,"1129 FORDING ISLAND RD BLUFFTON, SC 29910 United States",,,,
Moss Creek Golf Club,"100 Devils Elbow Ln Hilton Head Island, SC 29926 United States",,8438372231,,
The Georgia Club,"1050 Chancellors Dr Statham, GA 30666 United States",,7707258100,,
Hickory Hill Golf Course,"209 Biles Rd Jackson, GA 30233 United States",,7707752433,,
Poipu Bay Golf Course,"2250 Ainako St Koloa, HI 96756 United States",,8087428711,,
"US ARMY GOLF, HAWAII","BLDG 6508 LEILEHUA GOLF COURSE RD. SCHOFIELD BARRACKS, HI 96857 United States",,,,
Roger Dunn,"1132 Kuala St #402 Pearl City, HI 96782 United States",,808-456-5401,,
Kaneohe Klipper Golf Course,"MCB HAWAII BLDG 3088 Kaneohe Bay, HI 96863 United States",,8082541745,,
TACHIBANA ENTERPRISES,"735 IWILEI RD. HONOLULU, HI 96817 United States",,,,
ProAm Golf Shop,"1159 Kapiolani Blvd Honolulu, HI 96814 United States",,808-596-2911,,
Roger Dunn,"1500 Kapiolani Blvd Honolulu, HI 96814 United States",,808-942-7741,,
Hawaii Kai Golf Course,"8902 Kalanianaole Hwy Honolulu, HI 96825 United States",,8083952358,,
Gleneagle Golf Course,"7619 E Country Club Dr Arlington, WA 98223 United States",,3604356713,,
Battle Creek Golf Course,"6006 Meridian Ave N Marysville, WA 98271 United States",,3606597931,,
Lakeland Village Golf Course,"200 E Old Ranch Rd Allyn, WA 98524 United States",,3602756100,,
Cedarcrest Golf Course,"6810 84th St NE Marysville, WA 98270 United States",,3606593566,,
Legion Memorial Golf Course,"144 W Marine View Dr Everett, WA 98201 United States",,4252594653,,
Harbour Pointe Golf Club,"11817 Harbour Pointe Blvd Mukilteo, WA 98275 United States",,4253556060,,
Everett Golf and Country Club,"1500 52nd St SE Everett, WA 98203 United States",,4252598141,,
Walter E. Hall Golf Course,"1226 W Casino Rd Everett, WA 98204 United States",,4253534653,,
Jorgensen Golf,"11700 Mukilteo Speedway Mukilteo, WA 98275 United States",,425-349-1347,,
Pro Golf Discount Seattle,"19125 33rd Ave W Lynnwood, WA 98036 United States",,425-771-2131,,
Mill Creek Country Club,"15500 Country Club Dr Mill Creek, WA 98012 United States",,4257435664,,
Snohomish Golf Course,"7805 147th Ave SE Snohomish, WA 98290 United States",,3605682676,,
Prattville Country Club,"Highway 82 Bypass Prattville, AL 36067 United States",,3343654497,,
Robert Trent Jones Golf Trail at Capitol Hill Golf Club,"2600 Constitution Ave Prattville, AL 36066 United States",,3342851114,,
Cypress Tree Golf Course,"60 W Maxwell Blvd Maxwell Afb, AL 36112 United States",,3342637587,,
Lagoon Park Golf Course,"2855 Lagoon Park Dr Montgomery, AL 36109 United States",,3342404050,,
Montgomery Country Club,"3001 Narrow Lane Rd Montgomery, AL 36106 United States",,3342647198,,
Tallapoosa Lakes Golf Course,"1501 Dozier Rd Montgomery, AL 36117 United States",,3342712811,,
FarmLinks Golf Club,"2200 FarmLinks Blvd Sylacauga, AL 35151 United States",,2562087600,,
Willow Point Golf and Country Club,"3054 Willow Point Rd Alexander City, AL 35010 United States",,2562121409,,
Timberline Golf Club,"300 Timberline Trl Calera, AL 35040 United States",,2056687888,,
Cottonwood Golf Club,"7160 Byron Nelson Blvd Montgomery, AL 36116 United States",,3342813344,,
Selma Country Club,"103 W Dallas Ave Selma, AL 36701 United States",,3348746907,,
Ballantrae Golf Course,"1300 Ballantrae Club Dr Pelham, AL 35124 United States",,2056204653,,
Riverchase Country Club,"2000 Club Rd Birmingham, AL 35244 United States",,2059888111,,
Shoal Creek Club,"100 New Williamsburg Dr Shoal Creek, AL 35242 United States",,2059919001,,
Greystone Golf Club,"4100 Greystone Dr Birmingham, AL 35242 United States",,2059865126,,
PGA Tour Superstore,"165-A Inverness Plz Birmingham, AL 35242 United States",,205-440-4200,,
Bent Brook Golf Course,"7900 Dickey Springs Rd Bessemer, AL 35022 United States",,2054242368,,
Hoover Country Club,"3140 Club Dr Hoover, AL 35226 United States",,2058225707,,
"Inverness Golf & Repair, Inc.","4647 Hwy 280 Birmingham, AL 35242 United States",,205-991-1008,,
Alpine Bay Golf Club,"9855 Renfroe Rd Alpine, AL 35014 United States",,2562682920,,
Robert Trent Jones Golf Trail at Ross Bridge,"4000 Grand Ave Hoover, AL 35226 United States",,2059493085,,
Robert Trent Jones Golf Trail at Oxmoor Valley,"100 Sunbelt Pkwy Birmingham, AL 35211 United States",,2059421177,,
Vestavia Country Club,"400 Beaumont Dr Birmingham, AL 35216 United States",,2058228300,,
Edwin Watts,"189 State Farm Pkwy Birmingham, AL 35209 United States",,205-942-7083,,
Old Overton Club,"7251 Old Overton Club Dr Vestavia Hills, AL 35242 United States",,2059729001,,
Mountain Brook Club,"19 Beechwood Rd Birmingham, AL 35213 United States",,2058713769,,
Links at Tuscaloosa,"1800 Links Boulevard Tuscaloosa, AL 35405 United States",,2052479978,,
Alabama Discount Golf,"2330 McFarland Blvd E Tuscaloosa, AL 35404 United States",,205-343-6789,,
Indian Hills Country Club,"1650 McFarland Blvd N Tuscaloosa, AL 35406 United States",,2053491504,,
Indian Pines Golf Course,"900 Country Club Dr Auburn, AL 36830 United States",,3348210880,,
Saugahatchee Country Club,"3800 Bent Creek Rd Opelika, AL 36804 United States",,3347493441,,
Robert Trent Jones Golf Trail at Grand National Golf Club,"3000 Robert Trent Jones Trail Opelika, AL 36801 United States",,3347499011,,
Pro Golf Discount,"3757 Gulf Shores Pkwy Gulf Shores, AL 36542 United States",,251-968-8560,,
The Golf Club of the Wharf,"520 Clubhouse Drive Gulf Shores, AL 36547 United States",,2519687366,,
Glenlakes Golf Club,"9530 Clubhouse Dr Foley, AL 36535 United States",,2519551220,,
Kiva Dunes,"815 Plantation Rd Gulf Shores, AL 36542 United States",,2515407000,,
Quail Creek Golf Course,"19841 Quail Creek Dr Fairhope, AL 36532 United States",,2519900240,,
Marriott Lakewood Golf Club,"5910 Lakewood Dr Fairhope, AL 36532 United States",,2519906312,,
AMF GOLF-POINT CLEAR,"1 GRAND BLVD POINT CLEAR, AL 36564 United States",,,,
Perdido Bay Golf Club,"1 Doug Ford Dr Pensacola, FL 32507 United States",,8504921223,,
TimberCreek Golf Club,"9650 Timbercreek Blvd Daphne, AL 36527 United States",,2516219900,,
A.C. Read Golf Club,"NAC BLDG 3495 Pensacola, FL 32508 United States",,8504522455,,
Heron Lakes Country Club,"3851 Government Blvd Mobile, AL 36693 United States",,2516667070,,
Edwin Watts,"5711 N Davis Hwy Pensacola, FL 32503 United States",,850-477-0519,,
Edwin Watts,"168 West I-65 Service RD S Mobile, AL 36608 United States",,251-343-9059,,
Cypress Lakes Golf Club,"2365 Old Chemstrand Cantonment, FL 32533 United States",,8509373820,,
Country Club of Mobile,"4101 Wimbledon Dr Mobile, AL 36608 United States",,2513425138,,
Azalea City Golf Course,"1000 Gaillard Dr Mobile, AL 36608 United States",,2512085150,,
Stonebrook Golf Club,"3200 Cobblestone Dr Pace, FL 32571 United States",,8509947171,,
Robert Trent Jones Golf Trail at Magnolia Grove,"7001 Magnolia Grove Pkwy Mobile, AL 36618 United States",,2516450075,,
SHELL LANDING GOLF CLUB,"3499 SHELL LANDING BLVD. GAUTIER, MS 39553 United States",,,,
The Preserve Golf Club,"8901 Hwy 57 Vancleave, MS 39565 United States",,2283862500,,
Gator Lakes Golf Course,"91300 Golf Course Road Hurlburt Field, FL 32544 United States",,8505810007,,
Bay Breeze Golf Course,"81 SPTG/SVBG Keesler AFB, MS 39534 United States",,2283773832,,
Shalimar Pointe Golf and Country Club,"302 Country Club Rd Shalimar, FL 32579 United States",,8506511416,,
Foxwood Country Club,"4927 Antioch Rd Crestview, FL 32536 United States",,8506822012,,
Eglin Golf Course,"1527 Fairway Dr Niceville, FL 32578 United States",,8508822949,,
NATIONAL GOLF CLEARANCE SHIP,"36066 EMERALD COAST PKWY DESTIN, FL 32541 United States",,,,
Nevada Bobs,"15244-A Crossroads Pkwy Gulfport, MS 39503 United States",,228-539-4653,,
The Grand Bear,"12040 Grand Way Boulevard Saucier, MS 39574 United States",,2286047100,,
Rocky Bayou Country Club,"600 Golf Course Dr Niceville, FL 32578 United States",,8506783271,,
ROCKY BAYOU COUNTRY CLUB INC,"600 GOLF COURSE DRIVE NICEVILLE, FL 32578 United States",,,,
Edwin Watts,"34898 Emerald Coast Pkwy Destin, FL 32541 United States",,850-654-0363,,
Golf Plus,"2571 Montgomery Hwy Dothan, AL 36303 United States",,334-671-1880,,
Dothan Country Club,"200 S Cherokee Ave Dothan, AL 36301 United States",,3347926650,,
The Golf Gallery,"1229 Broadway Columbus, GA 31901 United States",,706-653-8332,,
Lakewood Golf Course,"2800 Lakewood Dr Phenix City, AL 36867 United States",,3342914726,,
Green Island Country Club,"6501 Standing Boy Rd Columbus, GA 31904 United States",,7063243706,,
Maple Ridge Golf Club,"4700 Maple Ridge Trl Columbus, GA 31909 United States",,7065690966,,
Edwin Watts,"1366 Hwy 82 West Leesburg, GA 31763 United States",,229-889-0350,,
Doublegate Country Club,"3800 Old Dawson Rd Albany, GA 31721 United States",,2294366501,,
The Golf Club of Quincy,"2291 Solomon Dairy Road Quincy, FL 32352 United States",,8506278386,,
The Fields Golf Club,"257 S Smith Rd LaGrange, GA 30241 United States",,7068457425,,
Sunset Country Club,"2730 S Main St Moultrie, GA 31768 United States",,2298905555,,
Golden Eagle Golf & Country Club,"3700 Golden Eagle Dr Tallahassee, FL 32312 United States",,8506681071,,
Edwin Watts,"2423 Capital Cir NE Tallahassee, FL 32308 United States",,850-383-6935,,
Seminole Golf Course,"2550 Pottsdamer St Tallahassee, FL 32310 United States",,8506442582,,
Ol Colony Golf Complex,"401 Old Colony Rd Tuscaloosa, AL 35406 United States",,2055623201,,
Northriver Yacht Club,"8501 New Watermelon Rd Tuscaloosa, AL 35404 United States",,2053434508,,
Country Club of Birmingham,"3325 Country Club Rd Birmingham, AL 35213 United States",,2058794611,,
Highland Park Golf Course,"3300 Highland Ave S Birmingham, AL 35205 United States",,2053221902,,
Pine Tree Country Club,"5100 Pine Whispers Dr Birmingham, AL 35210 United States",,2059561599,,
Grayson Valley Country Club,"2201 Grayson Valley Dr Birmingham, AL 35235 United States",,2058542382,,
Trussville Country Club,"7905 Roper Rd Trussville, AL 35173 United States",,2056552095,,
Chesley Oaks Golf Course,"1035 County Road 1583 Cullman, AL 35058 United States",,2567969808,,
Twin Bridges Golf Club,"901 River Bend Dr Gadsden, AL 35901 United States",,2565494866,,
Albertville Golf and Country Club,"860 Country Club Rd Albertville, AL 35951 United States",,2568784403,,
Robert Trent Jones Golf Trail at Silver Lakes,"1 Sunbelt Pkwy Glencoe, AL 35905 United States",,2568923268,,
Terri Pines Country Club,"700 Pine Hill Dr Cullman, AL 35057 United States",,2567390720,,
Lake Guntersville State Park,"1155 Lodge Drive Guntersville, AL 35976 United States",,2565820379,,
Gunters Landing,"1000 Gunters Landing Rd Guntersville, AL 35976 United States",,2565823586,,
Cherokee Ridge Country Club,"4000 Cherokee Ridge Dr Union Grove, AL 35175 United States",,2564985300,,
Musgrove Country Club,"916 Country Club Rd Jasper, AL 35503 United States",,2052217902,,
GEORGIA GOLF CONNECTION,"208 CITY CIRCLE PEACHTREE CITY, GA 30269 United States",,,,
Sunset Hills Country Club,"1 Club Dr Carrollton, GA 30117 United States",,7708322441,,
Windswept Dunes Golf Club,"11 Clubhouse Dr E Freeport, FL 32439 United States",,8508351847,,
Emerald Bay Plantation,"4781 Clubhouse Dr Destin, FL 32541 United States",,8508375197,,
Pine Hill Country Club,"175 Pine Hill Dr Anniston, AL 36207 United States",,2562372633,,
West Georgia Golf Co.,"24 Steadman Rd Tallapoosa, GA 30176 United States",,770-574-2985,,
Golf Fore Less Inc.,"160 Shorter Ave Rome, GA 30165 United States",,706-802-0042,,
Country Club of West Georgia,"7500 Monticello Dr Villa Rica, GA 30180 United States",,7708308616,,
Terrapin Hills Country Club,"5501 Club Dr NW Fort Payne, AL 35967 United States",,2568454624,,
Stonebridge Golf Club,"585 Stonebridge Dr Rome, GA 30165 United States",,7062365046,,
Brookstone Country Club,"5705 Brookstone Dr Acworth, GA 30101 United States",,7704258500,,
The Governor's Towne Club,"4200 Governors Towne Dr NW Acworth, GA 30101 United States",,7709665353,,
Goose Pond Colony Golf Course,"417 Ed Hembree Dr Scottsboro, AL 35769 United States",,2565745353,,
Piedmont Driving Club Golf Course,"4405 Camp Creek Pkwy Atlanta, GA 30331 United States",,6786863701,,
Cabin Creek Golf Club,"1374 N 2nd St Griffin, GA 30223 United States",,7702279794,,
Lafayette Golf Course,"638 S Main St La Fayette, GA 30728 United States",,7066380220,,
Dalton Golf and Country Club,"2000 Cleveland Hwy Dalton, GA 30721 United States",,7062598547,,
Black Creek Golf Club,"4700 Cummings Cove Dr Chattanooga, TN 37419 United States",,4238222582,,
Brainerd Golf Course,"5203 Old Mission Rd Chattanooga, TN 37411 United States",,4238552692,,
Brown Acres Golf Course,"406 Brown Rd Chattanooga, TN 37421 United States",,4238552680,,
Windstone Golf Club,"9230 Windstone Dr Ringgold, GA 30736 United States",,4238941231,,
Indian Trace Golf Course,"730 Mitchell Bridge Rd Chatsworth, GA 30705 United States",,7066957353,,
Golf Headquarters,"2209 Hamilton Place Blvd Chattanooga, TN 37421 United States",,423-894-0304,,
Lake Arrowhead Yacht & Country Club,"486 Arrowridge Waleska, GA 30183 United States",,7704795500,,
Cobblestone Golf Course,"4200 Nance Rd Acworth, GA 30101 United States",,7709175151,,
Robert Trent Jones Golf Trail at Hampton Cove,"450 Old Highway 431 Owens Cross Roads, AL 35763 United States",,2565511818,,
Marietta Country Club,"1400 Marietta Country Club Kennesaw, GA 30152 United States",,7704261808,,
The Links at Redstone,"4140 Goss Road Huntsville, AL 35898 United States",,2568837977,,
Pinetree Country Club,"3400 McCollum Pkwy NW Kennesaw, GA 30144 United States",,7704225902,,
PGA Tour Superstore,"2911 George Busbee Pkwy Kennesaw, GA 30144 United States",,770-422-4949,,
Towne Lake Hills Golf Club,"1003 Towne Lake Hills E Woodstock, GA 30189 United States",,7705929969,,
Cherokee Golf Center,"635 Molly Ln Woodstock, GA 30189 United States",,7709242062,,
Dancing Rabbit Golf Club,"1 Choctaw Trl Choctaw, MS 39350 United States",,6016630011,,
Columbus Country Club,"2331 Military Rd Columbus, MS 39705 United States",,6623285584,,
Canebrake Golf Club,"1 Cane Dr Hattiesburg, MS 39402 United States",,6012712010,,
OLLY T GOLF SHOP SHIP,"183 COUNTRY CLUB DRIVE CANTON, MS 39046 United States",,,,
Colonial Country Club/Deerfield,"264 Deerfield Club Dr Canton, MS 39046 United States",,6018566966,,
Country Club of Jackson,"345 Saint Andrews Dr Jackson, MS 39211 United States",,6019561411,,
Reunion Golf & Country Club,"150 Greensward Dr Madison, MS 39110 United States",,6016058784,,
Edwin Watts,"820 E County Line Rd Ridgeland, MS 39157 United States",,601-956-8784,,
Nevada Bobs,"4800 Interstate 55 N Jackson, MS 39211 United States",,601-713-1700,,
Indian Hills Country Club,"4001 Clubland Dr Marietta, GA 30068 United States",,7709717663,,
Edwin Watts,"3150 Piedmont Rd NE Atlanta, GA 30305 United States",,404-816-2166,,
"CLUB CHAMPION, ATLANTA","6690 Roswell Rd Sandy Springs, GA 30328 United States",,404-303-8322,,
Cherokee Town and Country Club,"665 Hightower Trl Atlanta, GA 30350 United States",,7709934401,,
Sharks Tooth Golf Club,"2003 Wild Heron Way Lake Powell, FL 32413 United States",,8502493041,,
EXPERIENCE BETTER GOLF,"120 COYOTE PASS PANAMA CITY BEACH, FL 32407 United States",,,,
DEWSWEEPERS GOLF SHOOL SHIP,"4701 BAY POINT RD PANAMA CITY, FL 32408 United States",,,,
Cypress Lakes Golf and Country Club,"1311 E 6th St Muscle Shoals, AL 35661 United States",,2563867783,,
Robert Trent Jones Golf Trail at the Shoals,"990 Sunbelt Pkwy Muscle Shoals, AL 35661 United States",,2564465111,,
Blackberry Trail Golf Course,"112 Clubhouse Dr Florence, AL 35630 United States",,2567408825,,
Turtle Point Yacht and Country Club,"1000 Club Dr Killen, AL 35645 United States",,2567572155,,
Fox Chase Golf Course,"2470 Hwy 57 Counce, TN 38326 United States",,7316894500,,
Canebrake Golf Club,"23015 Founders Cir Athens, AL 35613 United States",,2564449047,,
Cullman Golf Course,"2321 County Road 490 Cullman, AL 35077 United States",,2567392386,,
THE PROFESSIONALS GOLF SHOP,"401 LIME QUARRY ROAD MADISON, AL 35758 United States",,,,
Golf 1st,"868 Mississippi Dr Tupelo, MS 38804 United States",,662-690-5800,,
Pro Golf Discount,"119 S Industrial Rd Tupelo, MS 38801 United States",,662-844-9233,,
Bear Trace At Chicasaw State Park,"9555 State Route 100 W Henderson, TN 38340 United States",,7319894700,,
The Bear Trace At Tims Ford,"891 Wiseman Bend Rd Winchester, TN 37398 United States",,9319680995,,
JACKSON GOLF MANAGEMENT INC,"307 HENDERSON RD JACKSON, TN 38305 United States",,,,
Jackson Golf and Country Club,"31 Jackson Country Club Ln Jackson, TN 38305 United States",,7316680688,,
Westhaven Golf Club,"4000 Golf Club Ln Franklin, TN 37064 United States",,6155994420,,
Champions Run Golf Course,"14262 Mount Pleasant Rd Rockvale, TN 37153 United States",,6152742301,,
Humboldt Golf and Country Club,"4700 E Main St Humboldt, TN 38343 United States",,7317844127,,
Spring Creek Ranch,"149 Chinquapin Dr Collierville, TN 38017 United States",,9018535650,,
Memphis National Golf Club,"10135 National Club Dr Collierville, TN 38017 United States",,9018538058,,
The Course at Sewanee,"444 Greensview Rd Sewanee, TN 37383 United States",,9315981104,,
Cleveland Country Club,"345 Kyle Ln NW Cleveland, TN 37312 United States",,4233363566,,
Mallard Pointe Golf Course,"3037 State Park Rd Sardis, MS 38666 United States",,6624872400,,
Southwood Golf Club,"3750 Grove Park Dr Tallahassee, FL 32311 United States",,8509424653,,
Stones River Country Club,"1830 NW Broad Street Murfreesboro, TN 37129 United States",,6158931353,,
Vanderbilt Legends Club,"1500 Legends Club Ln Franklin, TN 37069 United States",,6157901300,,
Nashville Golf and Athletic Club,"1703 Crockett Springs Trl Brentwood, TN 37027 United States",,6153703346,,
Brentwood Country Club,"5123 Country Club Dr Brentwood, TN 37027 United States",,6153739922,,
Belle Meade Country Club,"815 Belle Meade Blvd Nashville, TN 37205 United States",,6152985744,,
Diamondhead Country Club,"7600 Country Club Cir Diamondhead, MS 39525 United States",,2282553910,,
Money Hill Golf Course and Country Club,"100 Country Club Dr Abita Springs, LA 70420 United States",,9858928250,,
Roger Dunn,"293 Dairy Rd Kahului, HI 96732 United States",,808-873-5706,,
Monterey Peninsula Country Club,"3000 Club Rd Pebble Beach, CA 93953 United States",,8313731556,,
Poppy Hills Golf Course,"3200 Lopez Rd Pebble Beach, CA 93953 United States",,8316228239,,
The Olympic Club,"599 Skyline Dr San Francisco, CA 94015 United States",,4153455100,,
Pebble Beach Golf Links,"2700 17 Mile Dr Pebble Beach, CA 93953 United States",,8316243811,,
TPC Harding Park,"99 Harding Rd San Francisco, CA 94132 United States",,4156644690,,
Pacific Grove Golf Links,"77 Asilomar Blvd Pacific Grove, CA 93950 United States",,8316485777,,
Lake Merced Golf Club,"2300 Junipero Serra Blvd Daly City, CA 94015 United States",,6507552239,,
Meadow Club,"1001 Bolinas Rd Fairfax, CA 94930 United States",,4154569393,,
Crystal Springs Golf Course,"6650 Golf Course Dr Burlingame, CA 94010 United States",,6503424188,,
Green Hills Country Club,"500 Ludeman Ln Millbrae, CA 94030 United States",,6505830882,,
The Golf Mart,"470 Noor Ave A San Francisco, CA 94080 United States",,650-583-4653,,
Monterey Pines Golf Course,"1250 Garden Rd Monterey, CA 93940 United States",,8316562167,,
Presidio Golf Course,"300 Finley Rd San Francisco, CA 94129 United States",,4155614670,,
The Golf Mart,"2040 Fremont Blvd Seaside, CA 93955 United States",,831-583-1000,,
Peninsula Golf Shop,"24-17th Ave San Mateo, CA 94402 United States",,650-345-8008,,
Pasatiempo Golf Club,"20 Clubhouse Rd Santa Cruz, CA 95060 United States",,8314599169,,
River Creek Golf Course,"41709 Road 600 Ahwahnee, CA 93601 United States",,5596835600,,
Eagle Springs Golf and Country Club,"21722 Fairway Oaks Ln Friant, CA 93626 United States",,5592998586,,
Copper River Country Club,"2140 E. Clubhouse Drive Fresno, CA 93730 United States",,5594345200,,
Roger Dunn,"5618 N Blackstone Ave Fresno, CA 93710 United States",,559-436-0465,,
San Joaquin Country Club,"3484 W Bluff Ave Fresno, CA 93711 United States",,5594393359,,
Pheasant Run Golf Club,"19 Clubhouse Dr Chowchilla, CA 93610 United States",,5596653411,,
Kings River Golf and Country Club,"3100 Avenue 400 Kingsburg, CA 93631 United States",,5598975661,,
Merced Country Club,"6333 N Golf Rd Merced, CA 95340 United States",,2097223357,,
Rancho Del Rey Golf Club,"5250 Green Sands Ave Atwater, CA 95301 United States",,2093587131,,
Visalia Country Club,"625 N Ranch St Visalia, CA 93291 United States",,5597341458,,
Roger Dunn,"1813 W Caldwell Ave Visalia, CA 93277 United States",,559-734-1385,,
Turlock Golf and Country Club,"10532 Golf Rd Turlock, CA 95380 United States",,2096344976,,
Oakdale Golf and Country Club,"243 N Stearns Rd Oakdale, CA 95361 United States",,2098472924,,
Del Rio Country Club,"801 Stewart Rd Modesto, CA 95356 United States",,2093412414,,
Spring Creek Golf and Country Club,"1580 Spring Creek Dr Ripon, CA 95366 United States",,2095993258,,
Jack Tone Golf,"1500 Ruess Rd Ripon, CA 95366 United States",,2095992973,,
La Contenta Golf Course,"1653 Highway 26 Valley Springs, CA 95252 United States",,2097721410,,
Manteca Park Golf Course,"305 N Union Rd Manteca, CA 95337 United States",,2098252500,,
RIDGEMARK GOLF CLUB,"3800 AIRLINE HIGHWAY HOLLISTER, CA 95023 United States",,,,
Tracy Golf Course,"35200 S Chrisman Rd Tracy, CA 95377 United States",,2098359463,,
Castle Oaks Golf Club,"1000 Castle Oaks Drive Ione, CA 95640 United States",,2092740167,,
Roger Dunn,"5759 Pacific Ave Ste B-130 Stockton, CA 95207 United States",,209-472-0280,,
Elkhorn Country Club,"1050 Elkhorn Dr Stockton, CA 95209 United States",,2094770252,,
Eagle Ridge Golf Club,"2951 Club Dr Gilroy, CA 95020 United States",,4088464531,,
Gilroy Golf Course,"2695 Hecker Pass Rd Gilroy, CA 95020 United States",,4088480490,,
Carson Valley Golf Course,"1027 Riverview Dr Gardnerville, NV 89460 United States",,7752653181,,
Denton Country Club,"1213 Country Club Drive Denton, TX 76202 United States",,9403871717,,
Wildhorse Golf Club of Robson Ranch,"9440 Ed Robson Circle Denton, TX 76207 United States",,9402461001,,
Bridlewood Golf Course,"4000 W. Windsor Dr Flower Mound, TX 75028 United States",,9723554800,,
The Tribute Golf Club,"1000 Boyd Road The Colony, TX 75056 United States",,9723705465,,
The Lakes At Castle Hills,"699 Lady of The Lake Blvd Lewisville, TX 75056 United States",,9728997400,,
Coyote Ridge Golf Club,"1680 Bandera Dr Carrollton, TX 75010 United States",,9729390666,,
Trophy Club of Dallas,"500 Trophy Club Dr Trophy Club, TX 76262 United States",,8174300444,,
CompuGolf Center,"1405 W Frankford Rd Carrollton, TX 75007 United States",,972-446-1418,,
The Vaquero Club,"2300 Vaquero Club Dr Westlake, TX 76262 United States",,8173794555,,
PGA Tour Superstore,"8700 Preston Rd Plano, TX 75024 United States",,214-778-3850,,
Edwin Watts,"2801 E. Northwest Pkwy Southlake, TX 76092 United States",,817-310-6492,,
PGA Tour Superstore,"2241 E Southlake Blvd Southlake, TX 76092 United States",,817-722-5190,,
GET FIT MOBILE GOLF SHOP,"220 WILSHIRE DR COPPELL, TX 75019 United States",,,,
Gentle Creek Golf Club,"3131 E. Prosper Trail Prosper, TX 75078 United States",,9723462550,,
The Golf Center at the Highlands,"2538 Golden Bear Dr Carrollton, TX 75006 United States",,972-733-4111,,
Honors Golf Club of Dallas,"2525 Country Club Dr Carrollton, TX 75006 United States",,9724162131,,
Preston Trail Golf Club,"17201 Preston Trail Dr Dallas, TX 75248 United States",,9723800669,,
Brookhaven Country Club,"3333 Golfing Green Dr Dallas, TX 75234 United States",,9722412761,,
The Clubs of Prestonwood - Creek Clubhouse,"15909 Preston Rd Dallas, TX 75248 United States",,9722397111,,
Four Seasons Resort & Club,"4200 N Macarthur Blvd Irving, TX 75038 United States",,9727172500,,
PGA Tour Superstore,"600 Accent Dr Plano, TX 75075 United States",,214-427-4060,,
Texas Star Golf Course,"1400 Texas Star Pkwy Euless, TX 76040 United States",,8176857888,,
Diamond Oaks Golf and Country Club,"5821 Diamond Oaks Dr Fort Worth, TX 76117 United States",,8178346261,,
Heritage Ranch Golf and Country Club,"465 Scenic Ranch Cir Fairview, TX 75069 United States",,9725490276,,
Brook Hollow Golf Club,"8301 Harry Hines Blvd Dallas, TX 75235 United States",,2146371914,,
The Golf Club At the Resort,"5700 Resort Blvd Fort Worth, TX 76179 United States",,8177502178,,
Stuttgart Country Club,"2103 E 22nd St Stuttgart, AR 72160 United States",,8706738421,,
Pine Bluff Country Club,"1100 Country Club Ln Pine Bluff, AR 71603 United States",,8705353180,,
Cleveland Country Club,"601 Fayette Davis Ave Cleveland, MS 38732 United States",,6628433456,,
Rolling Hills Country Club,"271 Country Club Rd Cabot, AR 72023 United States",,5018435231,,
Golf Headquarters,"5107 Warden Road North Little Rock, AR 72116 United States",,501-753-1323,,
Deer Run Golf Course,"1079 Cannon Dr Little Rock AFB, AR 72099 United States",,5019876825,,
The Greens at North Hills,"7400 Highway 107 Sherwood, AR 72120 United States",,5018333790,,
War Memorial Golf Course,"5511 W Markham St Little Rock, AR 72205 United States",,5016630854,,
Country Club of Little Rock,"4200 Country Club Blvd Little Rock, AR 72207 United States",,5016634189,,
Rebsamen Park Golf Course,"3400 Rebsamen Park Rd Little Rock, AR 72202 United States",,5016667965,,
Edwin Watts,"2602 S Shackleford Rd Little Rock, AR 72205 United States",,501-227-0539,,
Golf Headquarters,"11321 W Markham St Little Rock, AR 72211 United States",,501-225-9010,,
Pleasant Valley Country Club,"2 Pleasant Valley Dr Little Rock, AR 72212 United States",,5012252234,,
Maumelle Golf and Country Club,"100 Club Manor Dr Maumelle, AR 72113 United States",,5018513700,,
Chenal Country Club,"10 Chenal Club Blvd Little Rock, AR 72223 United States",,5018217565,,
Alotian Golf Club,"101 Alotian Club Roland, AR 72135 United States",,5013792568,,
ARKANSAS GOLF CENTER,"5150 JOHN W ALLISON RD CONWAY, AR 72034 United States",,,,
North Creek Golf Course,"8770 N Creek Blvd Southaven, MS 38671 United States",,6622804653,,
The Links At Whitehaven,"750 E Holmes Rd Memphis, TN 38109 United States",,9013961608,,
Diamondhead Golf & Country Club,"245 Independence Dr Hot Springs Village, AR 71913 United States",,5012623734,,
Wedgewood Golfers Club,"5206 Tournament Dr Olive Branch, MS 38654 United States",,6628957490,,
Cherokee Valley Golf Course,"6635 Crumpler Blvd Olive Branch, MS 38654 United States",,6628934444,,
Plantation Golf Club,"9425 Plantation Rd. Olive Branch, MS 38654 United States",,6628953530,,
Magellan Golf Course,"451 Ponce de Leon Dr Hot Springs Village, AR 71909 United States",,5019224497,,
Ponce de Leon Golf Course,"300 Ponce de Leon Dr Hot Springs Village, AR 71909 United States",,5019224250,,
Hot Springs Country Club,"101 Country Club Dr Hot Springs National Park, AR 71901 United States",,5016242661,,
Olive Branch Country Club,"7558 Germantown Rd Olive Branch, MS 38654 United States",,6628951555,,
Chickasaw Country Club,"3395 Galloway Ave Memphis, TN 38122 United States",,9013236216,,
Edwin Watts,"4625 Poplar Ave Memphis, TN 38117 United States",,901-767-1244,,
Mountain Ranch Golf Club,"820 Lost Creek Pkwy Fairfield Bay, AR 72088 United States",,5018843400,,
Indian Hills Country Club,"337 Snead Dr Fairfield Bay, AR 72088 United States",,5018843852,,
Bayou DeSiard Country Club,"3501 Forsythe Ave Monroe, LA 71201 United States",,3183222127,,
Cajun Made Golf Products,"2271 Louisville Ave Monroe, LA 71201 United States",,318-387-0738,,
Calvert Crossing Golf Club,"515 Hodge Watson Rd Calhoun, LA 71225 United States",,3183970064,,
Clear Creek Golf Course,"1566 Tiffentown Rd Vicksburg, MS 39183 United States",,6016389395,,
MY GOLF SHOP,"2001 COMMERCE ST RUSTON, LA 71270 United States",,,,
Stone Bridge Golf Course,"301 Stonebridge Blvd Bossier City, LA 71111 United States",,3187472004,,
Barksdale AFB Golf Course,"185 Bossier Rd Barksdale Afb, LA 71110 United States",,3184562263,,
TWIN LAKES G.C.,"70 ELK WAY MOUNTAIN HOME, AR 72653 United States",,,,
Big Creek Golf and Country Club,"452 Country Club Dr Mountain Home, AR 72653 United States",,8704258815,,
West Plains Country Club,"1402 Country Club Dr West Plains, MO 65775 United States",,4172567197,,
Coopers Hawk,"Highway 69 Spur Melbourne, AR 72556 United States",,8703683280,,
Pointe Royale Golf Club,"142 Clubhouse Dr Branson, MO 65616 United States",,4173344477,,
Payne Stewart Golf Club,"100 N Payne Stewart Dr Branson, MO 65616 United States",,4173372963,,
Ledgestone Country Club,"1600 Ledgestone Way Reeds Spring, MO 65737 United States",,4173358187,,
Fremont Hills Country Club,"1953 Fremont Hills Dr Nixa, MO 65714 United States",,4177251506,,
Twin Oaks Country Club,"1020 E State Route M Springfield, MO 65807 United States",,4178811800,,
Golf Headquarters,"319 E. Battlefield K Springfield, MO 65807 United States",,417-886-8888,,
Horton Smith Golf Course,"2409 S Scenic Ave Springfield, MO 65807 United States",,4178911639,,
Bill and Payne Stewart Golf Course,"1825 E Norton Rd Springfield, MO 65803 United States",,4178339962,,
RidgePointe Country Club,"2510 Ridgepointe Dr Jonesboro, AR 72404 United States",,8709329240,,
Jonesboro Country Club,"1408 E Nettleton Ave Jonesboro, AR 72401 United States",,8709322410,,
Brooks Golf Center,"2011 Grant Ave Jonesboro, AR 72401 United States",,870-931-9200,,
Sage Meadows Golf Course,"4406 Clubhouse Dr Jonesboro, AR 72401 United States",,8709324420,,
Silo Ridge Golf and Country Club,"4551 Fairway Dr Bolivar, MO 65613 United States",,4173267456,,
Lost Springs Golf and Athletic,"3024 N 22nd St Rogers, AR 72756 United States",,4796319988,,
Golf USA,"3184 North College Fayetteville, AR 72703 United States",,479-444-6300,,
Paradise Valley Athletic,"3728 N Old Missouri Rd Fayetteville, AR 72703 United States",,4795215841,,
Oak Meadow Country Club,"10700 County Road 3110 Rolla, MO 65401 United States",,5733412363,,
Golf Headquarters,"4608 W Walnut St Rogers, AR 72756 United States",,479-636-9300,,
Stonebridge Meadows Golf Club,"3495 E Goff Farm Rd Fayetteville, AR 72701 United States",,4795713673,,
Shadow Valley Country Club,"7001 Shadow Valley Rd Rogers, AR 72758 United States",,4792030000,,
Fayetteville Country Club,"3335 S Country Club Dr Fayetteville, AR 72701 United States",,4794425112,,
Pinnacle Country Club,"3 Clubhouse Dr Rogers, AR 72758 United States",,4792730555,,
The Coves Club,"32922 Pebble Bch Afton, OK 74331 United States",,9187823220,,
Rangeline Golf Center,"1911 N Range Line Rd Joplin, MO 64801 United States",,4176241160,,
Pryor Creek Golf Course,"724 E 530 Pryor, OK 74361 United States",,9188253056,,
THE GOLF NUT,"5121 1/2 TOWSON AVE FORT SMITH, AR 72901 United States",,,,
Crestwood Country Club,"304 W Crestview Ave Pittsburg, KS 66762 United States",,6202316530,,
The Wolf at TenKiller G.Club,"453579 E 965 Rd Vian, OK 74962 United States",,9187735093,,
Heritage Hills Golf Course,"3140 Tee St Claremore, OK 74017 United States",,9183410055,,
Owasso Golf and Athletic Club,"13604 E 84th St N Owasso, OK 74055 United States",,9182744884,,
Broken Arrow Golf and Athletic Club,"1651 E Omaha St Broken Arrow, OK 74012 United States",,9183550602,,
Battle Creek Golf Course,"3200 N Battle Creek Dr Broken Arrow, OK 74012 United States",,9182598633,,
The Golf Club of Oklahoma,"20400 E 141st St Broken Arrow, OK 74014 United States",,9184866575,,
Litl Links Golf Club,"11915 S 129th East Ave Broken Arrow, OK 74011 United States",,9184813673,,
Bakers Custom Golf,"9909 E 61st St Tulsa, OK 74133 United States",,918-252-4422,,
Mohawk Park Golf Club,"5223 E 41st St N Tulsa, OK 74115 United States",,9184256871,,
LaFortune Park Golf Course,"5501 S Yale Ave Tulsa, OK 74135 United States",,9185968627,,
Glenwood Country Club,"584 Highway 70 E Glenwood, AR 71943 United States",,8703564422,,
Lake Valley Golf Club,"367 Lake Valley Drive Camdenton, MO 65020 United States",,5733467218,,
Golf USA,"5035 W Park Blvd Texarkana, TX 75503 United States",,903-832-2698,,
Texarkana Country Club,"1 Country Club Ln Texarkana, AR 71854 United States",,8707749531,,
CITY OF OSCEOLA MUNICIPAL GOLF COURSE,"303 W HALE AVE OSCEOLA, AR 72370 United States",,,,
FOREST HILL GOLF COURSE,"200 KUBO RD DRUMMONDS, TN 38023 United States",,,,
ARENA GOLF,"2901 HAWTHORNE CAPE GIRARDEAU, MO 63701 United States",,,,
Colonial Country Club,"2736 Countrywood Pkwy Cordova, TN 38016 United States",,9013820084,,
Stonebridge Golf Club,"3049 Davies Plantation Rd Lakeland, TN 38002 United States",,9013821886,,
Ballard County Country Club,"2145 LaCenter Rd LaCenter, KY 42056 United States",,2706655557,,
Germantown Country Club,"1780 Kimbrough Rd Germantown, TN 38138 United States",,9017546453,,
TPC Southwind,"3325 Club At Southwind Memphis, TN 38125 United States",,9017480330,,
Windyke Country Club,"8535 Winchester Rd Memphis, TN 38125 United States",,9017547273,,
Ridgeway Country Club,"9800 Poplar Ave Memphis, TN 38139 United States",,9018530929,,
The Golf Complex,"5980 US 60 W Paducah, KY 42001 United States",,270-422-9221,,
Querbes Park Golf Course,"3500 Beverly Pl Shreveport, LA 71104 United States",,3186737773,,
Edwin Watts,"1820 E 70th St Shreveport, LA 71105 United States",,318-797-7518,,
Crooked Hollow Golf Course,"8667 Elysian Fields Rd Greenwood, LA 71033 United States",,3189385060,,
Pinecrest Country Club,"214 Club Dr Longview, TX 75602 United States",,9037588000,,
International Golf Discount,"2608 Gilmer Rd Longview, TX 75604 United States",,903-295-9292,,
White Hawk Golf Course,"14515 S Yale Ave Bixby, OK 74008 United States",,9183664653,,
Southern Hills Country Club,"2636 E 61st St Tulsa, OK 74136 United States",,9184940001,,
Willow Brook Country Club,"3205 W Erwin St Tyler, TX 75702 United States",,9035928229,,
Edwin Watts,"410 W Southwest Loop 323 Tyler, TX 75701 United States",,903-561-8851,,
Hide-A-Way Lake Golf Course,"101 Hide A Way Lane Central Lindale, TX 75771 United States",,9038828511,,
Peach Tree Golf Club,"6212 County Road 152 W Bullard, TX 75757 United States",,9038947079,,
Emerald Bay Club,"208 S Emerald Bay Drive Bullard, TX 75757 United States",,9038253444,,
Eagle's Bluff Country Club,"700 N Eagle's Bluff Blvd Bullard, TX 75757 United States",,9038252999,,
Athens Country Club,"500 Park Dr Athens, TX 75751 United States",,9036773844,,
White Mountain Country Club,"3644 Country Club Cir Pinetop, AZ 85935 United States",,9283674357,,
Torreon Golf Club,"651 Torreon Loop Show Low, AZ 85901 United States",,9285324653,,
COYOTE DEL MAL PAIS GOLF COURSE,"2001 GEORGE HANOSH BLVD GRANTS, NM 87020 United States",,,,
New Mexico Tech Golf Course,"801 Leroy Place Socorro, NM 87801 United States",,5758355335,,
Saddlebrooke One Golf Course,"64500 E Saddlebrooke Blvd Tucson, AZ 85739 United States",,5208252505,,
MountainView Golf Club,"38691 S MountainView Blvd Tucson, AZ 85739 United States",,5208181100,,
Gold Canyon Golf Resort,"6100 S Kings Ranch Rd Gold Canyon, AZ 85118 United States",,4809829090,,
Superstition Mountain Club,"85219 E Club Village Dr Superstition, AZ 85218 United States",,4809831411,,
Sun City Vistoso Golf Course,"1555 E Rancho Vistoso Blvd Tucson, AZ 85737 United States",,5208253110,,
Apache Creek Golf Club,"3401 S Ironwood Dr Apache Junction, AZ 85120 United States",,4809822677,,
The Lodge at Ventana Canyon,"6200 N Club House Ln Tucson, AZ 85750 United States",,5208285701,,
Skyline Country Club,"5200 E Saint Andrews Dr Tucson, AZ 85718 United States",,5202990464,,
El Conquistador Golf & Resort,"10555 N LaCanada Dr Tucson, AZ 85737 United States",,5205445000,,
Tonto Verde Golf Club,"18402 E El Circulo Dr Rio Verde, AZ 85263 United States",,4804712710,,
Tucson Country Club,"2950 N Camino Principal Tucson, AZ 85715 United States",,5202982381,,
The Gallery Golf Club,"14000 N Dove Mountain Blvd Marana, AZ 85653 United States",,5207444700,,
We-Ko-Pa Golf Club,"18200 E Toh Vee Cir Fort McDowell, AZ 85264 United States",,4808369000,,
RC GOLF LLC- HEAD PRO,"7555 E EAGLE CREST DR MESA, AZ 85207 United States",,,,
Vans Golf Shops,"4861 E Grant Rd #161 Tucson, AZ 85712 United States",,520-721-2111,,
Omni Tucson National Golf,"2727 W Club Dr Tucson, AZ 85742 United States",,5205757540,,
Arizona Golf Resort,"425 S Power Rd Mesa, AZ 85206 United States",,4808321661,,
Arizona Golf Exchange,"4877 E Speedway Blvd Tucson, AZ 85712 United States",,520-325-8526,,
Vans Golf Shops,"801 S Power Rd Ste 115 Mesa, AZ 85206 United States",,480-985-0601,,
Leisure World Country Club,"1548 Leisure World Blvd Mesa, AZ 85206 United States",,4806344370,,
Alta Mesa Country Club,"1460 N Alta Mesa Dr Mesa, AZ 85205 United States",,4808279411,,
HOT STIX GOLF,"13100 N SUNRIDGE DR FOUNTAIN HILLS, AZ 85268 United States",,,,
FireRock Country Club,"16000 E Firerock Country Club Dr Fountain Hills, AZ 85268 United States",,4808368000,,
Apache Wells Country Club,"5601 E Hermosa Vista Dr Mesa, AZ 85215 United States",,4808304725,,
Mirabel Golf Club,"37100 N Mirabel Club Dr Scottsdale, AZ 85262 United States",,4805952732,,
The Golf Club at Desert Mountain,"10333 E Rockaway Hills Dr Scottsdale, AZ 85262 United States",,4804881362,,
Oakcreek Country Club,"690 Bell Rock Blvd Sedona, AZ 86351 United States",,9282841660,,
Troon Country Club,"25000 N Windy Walk Dr Scottsdale, AZ 85255 United States",,4805850540,,
The Estancia Club,"27998 N 99th Pl Scottsdale, AZ 85262 United States",,4804734400,,
Desert Highlands Golf Club,"10040 E Happy Valley Rd Scottsdale, AZ 85255 United States",,4805858521,,
The Silverleaf Club,"18701 N Silverleaf Dr Scottsdale, AZ 85255 United States",,4805153210,,
Vans Golf Shops,"2716 S Market St Gilbert, AZ 85295 United States",,480-963-9441,,
Elephant Rocks Golf Course,"2200 Country Club Drive Williams, AZ 86046 United States",,9286354935,,
Desert Forest Golf Club,"37207 N Muletrain Rd Carefree, AZ 85377 United States",,4804884589,,
DC Ranch Golf Club,"9290 E Thompson Peak Pkwy Scottsdale, AZ 85255 United States",,4803427210,,
Whisper Rock Golf Club,"32002 N Old Bridge Rd Scottsdale, AZ 85266 United States",,4805758700,,
Pinnacle Peak Country Club,"8701 E Pinnacle Peak Rd Scottsdale, AZ 85255 United States",,4805856992,,
THE BOULDERS RESORT,"34631 N TOM DARLINGTON DR CAREFREE, AZ 85377 United States",,,,
Pinewood Country Club,"395 Pinewood Blvd Munds Park, AZ 86017 United States",,9282861110,,
Forest Highlands Golf Club,"2425 William Palmer Flagstaff, AZ 86005 United States",,9285255200,,
The Club at Seven Canyons,"755 Golf Club Way Sedona, AZ 86336 United States",,9282032001,,
Riverview Golf Course,"64 County Road 6520 Kirtland, NM 87417 United States",,5055980140,,
San Juan Country Club,"5775 Country Club Dr Farmington, NM 87402 United States",,5053274451,,
Conquistador Golf Course,"2018 N Dolores Rd Cortez, CO 81321 United States",,9705659208,,
Albuquerque Country Club,"601 Laguna Blvd SW Albuquerque, NM 87104 United States",,5052437156,,
Prescott Golf and Country Club,"1030 N Prescott Country Club Blvd Dewey, AZ 86327 United States",,9287728984,,
GOLFTEC UPTOWN,"419 MOUNTAIN RD NW ALBUQUERQUE, NM 87102 United States",,,,
Puerto Del Sol Golf Course,"1800 Girard Blvd SE Albuquerque, NM 87106 United States",,5052655636,,
Twin Warriors Golf Club,"1301 Tuyuna Trail Santa Ana Pueblo, NM 87004 United States",,5057716155,,
Arroyo Del Oso Golf Course,"7001 Osuna Rd NE Albuquerque, NM 87109 United States",,5058847505,,
Santa Ana Golf Club,"288 Prairie Star Rd Santa Ana Pueblo, NM 87004 United States",,5058679464,,
Bullseye Golf Headquarters,"8212 Menaul Blvd NE Albuquerque, NM 87110 United States",,505-884-3454,,
THE GOLF MART ALBUQUERQUE WWG #42,"4200 WYOMING BLVD NE SUITE A5 ALBUQUERQUE, NM 87111 United States",,,,
Dalton Ranch Golf Club,"589 County Rd 252 Durango, CO 81301 United States",,9702477921,,
The Glacier Club,"600 Glacier Club Dr Durango, CO 81301 United States",,9702592000,,
Moab Golf Club,"2705 E Bench Rd Moab, UT 84532 United States",,4352596488,,
Tanoan Country Club,"10801 Academy Rd NE Albuquerque, NM 87111 United States",,5058220422,,
Links At Cobble Creek,"699 Cobble Dr Montrose, CO 81401 United States",,9702409542,,
Black Canyon Golf Club,"1350 Birch St Montrose, CO 81401 United States",,9702494653,,
Devil's Thumb Golf Course,"9900 Devils Thumb Rd. Delta, CO 81416 United States",,9708746262,,
Tijeras Arroyo Golf Course,"1451-4th Street Kirtland Afb, NM 87117 United States",,5058461169,,
Tiara Rado Golf Course,"2063 S Broadway Grand Junction, CO 81503 United States",,9702543830,,
Hammonds Golf Headquarters,"115 W Grand Ave Grand Junction, CO 81501 United States",,970-245-1299,,
Cedaredge Golf Club,"500 SE Jay Ave Cedaredge, CO 81413 United States",,9708567781,,
GJ GOLF,"625 24 1/2 ROAD GRAND JUNCTION, CO 81505 United States",,,,
Bookcliff Country Club,"2730 G Rd Grand Junction, CO 81506 United States",,9702429053,,
Dos Rios Golf Course,"501 Camino del Rio Gunnison, CO 81230 United States",,9706411482,,
Cove View Golf Course,"1315 W 1800 South Richfield, UT 84701 United States",,4358969987,,
CEDAR RIDGE GOLF SHOP SHIP,"200 E 900 NORTH CEDAR CITY, UT 84720 United States",,,,
Sky Mountain Golf Course,"1030 N 2600 W Hurricane, UT 84737 United States",,4356357888,,
Pueblo Del Sol Country Club,"2770 Saint Andrews Dr Sierra Vista, AZ 85650 United States",,5203786444,,
Mountain View Golf Course,"15479 Wilcox St Fort Huachuca, AZ 85613 United States",,5205337088,,
Desert Hills Golf Club of,"2500 S Circulo de Las Lomas Green Valley, AZ 85614 United States",,5206255090,,
Country Club of Green Valley,"77 E Paseo de Golf Green Valley, AZ 85614 United States",,5206258831,,
SAN IGNACIO GOLF CLUB,"4201 S CAMINO DEL SOL GREEN VALLEY, AZ 85622 United States",,,,
Golf Stop,"6155 E Broadway Blvd Tucson, AZ 85711 United States",,520-790-0941,,
Sewailo Golf Club,"5655 W Valencia Rd Tucson, AZ 85757 United States",,5208386623,,
Vans Golf Shops,"4230 N Oracle Rd #180 Tucson, AZ 85705 United States",,520-293-1381,,
PGA TOUR SUPERSTORE #1203,"4215 NORTH ORACLE ROAD TUCSON, AZ 85718 United States",,,,
Robson Ranch Golf Club,"5750 N Robson Blvd Eloy, AZ 85131 United States",,5204263333,,
New Mexico State University Golf Course,"3000 Herb Wimberly Drive Las Cruces, NM 88003 United States",,5056463219,,
Dos Lagos Golf Course,"1150 Duffer Ln Anthony, NM 88021 United States",,5058822830,,
Ironwood Golf Club,"550 W Champagne Dr Chandler, AZ 85248 United States",,4808950614,,
Rancho Manana Golf Club,"5734 E Rancho Manana Blvd Cave Creek, AZ 85331 United States",,4804880398,,
Hornacek's House of Golf,"23587 N Scottsdale Rd Scottsdale, AZ 85255 United States",,480-502-0555,,
The Club at Prescott Lakes,"311 E. Smoke Tree Lane Prescott, AZ 86301 United States",,9284433500,,
Anthem Golf and Country Club,"2708 W Anthem Club Dr Anthem, AZ 85086 United States",,6237426210,,
Los Caballeros Golf Club,"1551 S Vulture Mine Rd Wickenburg, AZ 85390 United States",,9286842704,,
Sun River Golf Club,"4210 S Bluegrass Way St George, UT 84790 United States",,4359860001,,
Uinta Golf,"2376 E Red Cliffs Dr St George, UT 84790 United States",,435-256-6496,,
Bloomington Country Club,"3174 S Bloomington Dr E St George, UT 84790 United States",,4356734687,,
Coral Canyon Golf Course,"1925 N Canyon Greens Dr Washington, UT 84780 United States",,4356881700,,
Zion Golf Headquarters II,"2736 E Red Cliffs Dr St George, UT 84790 United States",,435-628-3707,,
DAN CAMPBELL GOLF ACADEMY,"3979 E MELINDA DR PHOENIX, AZ 85050 United States",,,,
The 500 Club at Adobe Dam,"4707 W Pinnacle Peak Rd Glendale, AZ 85310 United States",,6234929500,,
PGA Tour Superstore,"7000 E Mayo Blvd Phoenix, AZ 85054 United States",,602-777-6380,,
Sand Hollow Golf Club,"237 N 1210 West Hurricane, UT 84737 United States",,4356564653,,
The Oasis Golf Club - Palmer/Canyons,"100 Palmer Ln Mesquite, NV 89027 United States",,7023467820,,
Ready Golf & Gear,"550 W. Pioneer Blvd Mesquite, NV 89027 United States",,702-345-4653,,
CasaBlanca Resort and Golf Course,"1100 West Hafen Lane Mesquite, NV 89027 United States",,7023467529,,
Falcon Ridge Golf Course,"1024 Normandy Ln Mesquite, NV 89027 United States",,7023466363,,
DragonRidge Golf and Country Club,"552 S Stephanie St Henderson, NV 89012 United States",,7026144444,,
Laughlin Ranch Golf Club,"1505 Bullhead Pkwy Bullhead City, AZ 86429 United States",,9287541241,,
Anthem Country Club,"1 Anthem Club Dr Henderson, NV 89052 United States",,7026145050,,
TaylorMade Golf Experience,"6730 S Las Vegas Blvd Las Vegas, NV 89119 United States",,702-837-9500,,
Westbrook Village Golf Club,"19260 N Westbrook Pkwy Peoria, AZ 85382 United States",,6235663439,,
Westbrook Village/Vista Course,"18823 N Country Club Pkwy Peoria, AZ 85382 United States",,6235661633,,
TPC Scottsdale,"17020 N Hayden Rd Scottsdale, AZ 85255 United States",,4805854334,,
Las Vegas Golf & Tennis,"4711 Dean Martin Dr Las Vegas, NV 89013 United States",,702-892-9999,,
Vegas Golf Inc,"4760 W Sahara Ave Las Vegas, NV 89102 United States",,702-873-8077,,
Rhodes Ranch Golf Club,"20 Rhodes Ranch Pkwy Las Vegas, NV 89148 United States",,7027404114,,
Western Skies Golf Club,"1245 E Warner Rd Gilbert, AZ 85296 United States",,4805458542,,
Mesa Country Club,"660 W Fairway Dr Mesa, AZ 85201 United States",,4809641797,,
PGA Tour Superstore,"2031 N Arizona Ave Chandler, AZ 85225 United States",,480-214-4370,,
PGA Tour Superstore,"8740 East Shea Blvd Scottsdale, AZ 85260 United States",,480-214-4350,,
Vans Golf Shops,"8720 E Frank Lloyd Wright Blvd Scottsdale, AZ 85260 United States",,480-483-1800,,
2ND SWING-SCOTTSDALE,"15233 N 87TH STREET SCOTTSDALE, AZ 85260 United States",,,,
Dobson Ranch Municipal Golf Course,"2155 S Dobson Rd Mesa, AZ 85202 United States",,4806442291,,
Cottonwood Country Club,"25630 S Brentwood Dr Sun Lakes, AZ 85248 United States",,4808959449,,
Arizona Golf Works,"1920 E University Dr Tempe, AZ 85281 United States",,480-966-7007,,
TRUE SPEC GOLF,"7327 E TIERRA BUENA LN SCOTTSDALE, AZ 85260 United States",,,,
Blythe Golf Course,"4708 Wells Rd Blythe, CA 92225 United States",,7609227272,,
Mesa Del Sol Golf Club,"12213 Calle del Cid Yuma, AZ 85367 United States",,9283421283,,
Cocopah RV and Golf Resort,"6800 Strand Ave Yuma, AZ 85364 United States",,9283431663,,
Foothills Golf Course,"14200 E County 14th Street Yuma, AZ 85367 United States",,9283429090,,
Yuma Golf and Country Club,"3150 S Fortuna Ave Yuma, AZ 85365 United States",,9287261104,,
Desert Hills Golf Course,"1245 W Desert Hills Dr Yuma, AZ 85365 United States",,9283444653,,
Desert Springs Golf Course,"19900 N Remington Dr Surprise, AZ 85374 United States",,6235467400,,
Granite Falls Golf Club,"19549 N Sunrise Blvd Surprise, AZ 85374 United States",,6235467575,,
TUSCANY FALLS GOLF CLUB,"16262 WEST CLUBHOUSE DR GOODYEAR, AZ 85395 United States",,,,
Eagles Nest at Pebble Creek,"3645 Clubhouse Dr Goodyear, AZ 85338 United States",,6239356750,,
Del Rio Country Club,"102 E Del Rio Rd Brawley, CA 92227 United States",,7603440085,,
Pueblo Golf Course,"11201 N El Mirage Rd El Mirage, AZ 85335 United States",,6235830425,,
Valley Golf Center,"12247 W. Indian School Rd Avondale, AZ 85323 United States",,623-935-9351,,
Union Hills Country Club,"9860 W Lindgren Ave Sun City, AZ 85373 United States",,6239745888,,
Vans Golf Shops,"10001 W Bell Rd Ste 118 Sun City, AZ 85351 United States",,623-972-0171,,
Villa De Paz Golf Course,"4220 N 103rd Ave Phoenix, AZ 85037 United States",,6238771171,,
Palmbrook Country Club,"9350 W Greenway Rd Sun City, AZ 85351 United States",,6239778383,,
PGA TOUR SUPERSTORE #1207,"7360 WEST BELL ROAD GLENDALE, AZ 85308 United States",,,,
Cave Creek Municipal Golf Course,"15202 N 19th Ave Phoenix, AZ 85023 United States",,6028668076,,
The Golf Club at Terra Lago,"84000 Landmark Pkwy Indio, CA 92203 United States",,7607752000,,
The Plantation Golf Club,"50994 Monroe St Indio, CA 92201 United States",,7607753688,,
Shadow Hills Golf Club,"80875 Avenue 40 Indio, CA 92203 United States",,7602003375,,
Roger Dunn,"80555 Hwy 111 Indio, CA 92201 United States",,760-775-1414,,
PGA West - Tournament and TPC Courses,"56-150 PGA Blvd La Quinta, CA 92253 United States",,7605647170,,
Heritage Palms Golf Club,"44291 Heritage Palms Dr S Indio, CA 92201 United States",,7607727334,,
PGA West Private Golf Courses,"55-955 PGA Blvd La Quinta, CA 92253 United States",,7605647111,,
Indian Springs Golf and Country Club,"80227 Indian Springs Dr Indio, CA 92201 United States",,7602008988,,
Mountain View Country Club,"80375 Pomelo La Quinta, CA 92253 United States",,7605649149,,
Rancho La Quinta Country Club,"79301 Cascadas Cir La Quinta, CA 92253 United States",,7607777799,,
Andalusia at Coral Mountain,"58-830 Marbella St La Quinta, CA 92253 United States",,7602753511,,
Bermuda Dunes Country Club,"42360 Adams St Indio, CA 92201 United States",,7603452771,,
Mountain Vista Golf Course,"38180 del Webb Blvd Palm Desert, CA 92211 United States",,7602002200,,
Palm Desert Resort Country Club,"77333 Country Club Dr Palm Desert, CA 92211 United States",,7603452791,,
Indian Ridge Country Club,"76375 Country Club Dr Palm Desert, CA 92211 United States",,7607727272,,
Eldorado Country Club,"46000 Fairway Dr Indian Wells, CA 92210 United States",,7603468081,,
Toscana Country Club,"76-009 Via Club Villa Indian Wells, CA 92210 United States",,7604041457,,
Avondale Golf Club,"75800 Avondale Dr Palm Desert, CA 92211 United States",,7603453712,,
Phoenix Country Club,"2901 N 7th St Phoenix, AZ 85014 United States",,6022635208,,
Legacy Golf Resort,"6808 S 32nd St Phoenix, AZ 85042 United States",,6023055500,,
Vans Golf Shops,"3217 E Camelback Rd Phoenix, AZ 85018 United States",,602-957-0001,,
Arizona Country Club,"5668 E Orange Blossom Ln Phoenix, AZ 85018 United States",,4809464565,,
Paradise Valley Country Club,"7101 N Tatum Blvd Paradise Valley, AZ 85253 United States",,6028408100,,
Scottsdale Silverado Golf Club,"7605 E Indian Bend Rd Scottsdale, AZ 85250 United States",,4807780100,,
Camelback Golf Club,"7847 N Mockingbird Ln Scottsdale, AZ 85253 United States",,4809481700,,
TPC Summerlin,"1700 Village Center Cir Las Vegas, NV 89134 United States",,7022560222,,
TPC Las Vegas,"9851 Canyon Run Dr Las Vegas, NV 89144 United States",,7022562000,,
Highland Falls Golf Club,"10201 Sun City Blvd Las Vegas, NV 89134 United States",,7022547010,,
Arroyo Golf Club at Red Rock,"2250 A Red Springs Dr Las Vegas, NV 89135 United States",,7023045666,,
Las Vegas Paiute Golf Resort,"10325 Nu Wav Kaiv Blvd Las Vegas, NV 89124 United States",,7026581400,,
La Quinta Country Club,"77-750 Avenue 50 La Quinta, CA 92253 United States",,7605644151,,
The Vintage Club,"75001 Vintage Dr W Indian Wells, CA 92210 United States",,7608622076,,
Ironwood Country Club,"73-735 Irontree Dr Palm Desert, CA 92260 United States",,7603460551,,
Alameda Golfworks,"1731 Clement Ave Alameda, CA 94501 United States",,510-337-1975,,
Chuck Corica Golf Complex,"1 Clubhouse Memorial Rd Alameda, CA 94502 United States",,5107477824,,
Claremont Country Club,"5295 Broadway Ter Oakland, CA 94618 United States",,5106536789,,
Metropolitan Golf Links,"10051 Doolittle Dr Oakland, CA 94603 United States",,5105695555,,
Sequoyah Country Club,"4550 Heafey Rd Oakland, CA 94605 United States",,5106322900,,
Lake Chabot Golf Course,"11450 Golf Links Rd Oakland, CA 94605 United States",,5103515812,,
REDWOOD CANYON GOLF COURSE,"17007 REDWOOD ROAD CASTRO VALLEY, CA 94546 United States",,,,
Skywest Golf Course,"1401 Golf Course Rd Hayward, CA 94541 United States",,5103172300,,
Mira Vista Country Club,"7901 Cutting Blvd El Cerrito, CA 94530 United States",,5102377045,,
Rossmoor Golf Course,"1010 Stanley Dollar Dr Walnut Creek, CA 94595 United States",,9259332607,,
Poplar Creek Golf Course,"1700 Coyote Point Dr San Mateo, CA 94401 United States",,6505224653,,
KEPLER'S GOLF,"2329 BOULEVARD CIRCLE WALNUT CREEK, CA 94595 United States",,,,
The Golf Mart,"2099 Mount Diablo Blvd Walnut Creek, CA 94596 United States",,925-588-0199,,
TPC Stonebrae,"202 Country Club Dr Hayward, CA 94542 United States",,5107287878,,
Round Hill Country Club,"3169 Roundhill Rd Alamo, CA 94507 United States",,9259348211,,
Mission Hills of Hayward,"275 Industrial Pkwy Hayward, CA 94544 United States",,5108880200,,
Richmond Country Club,"1 Markovich Ln Richmond, CA 94806 United States",,5102327815,,
Franklin Canyon Golf Course,"Highway 4 Hercules, CA 94547 United States",,5107996191,,
Crow Canyon Country Club,"711 Silver Lake Dr Danville, CA 94526 United States",,9257355700,,
Diablo Country Club,"1700 Clubhouse Rd Diablo, CA 94528 United States",,9258379233,,
Castlewood Country Club,"707 Country Club Cir Pleasanton, CA 94566 United States",,9258465151,,
Palo Alto Municipal Golf Course,"1875 Embarcadero Rd Palo Alto, CA 94303 United States",,6508560881,,
Shoreline Golf Links,"2940 N Shoreline Blvd Mountain View, CA 94043 United States",,6509694653,,
Callippe Preserve Golf Course,"8500 Club House Dr Pleasanton, CA 94566 United States",,9254266666,,
PGA Tour Superstore,"1751 E Bayshore Rd East Palo Alto, CA 94303 United States",,650-600-5200,,
Santa Clara Golf and Tennis,"5155 Stars and Stripes Dr Santa Clara, CA 95054 United States",,4089809515,,
GOLDEN PRO GOLF,"236 BARBER LANE MILPITAS, CA 95035 United States",,,,
The Golf Mart,"6694 Amador Plaza Rd Dublin, CA 94568 United States",,925-833-8950,,
Ruby Hill Golf Club,"3404 W Ruby Hill Dr Pleasanton, CA 94566 United States",,9254175840,,
Sunnyvale Municipal Golf Course,"605 Macara Ave Sunnyvale, CA 94085 United States",,4087383666,,
San Ramon Golf Club,"9430 Fircrest Ln San Ramon, CA 94583 United States",,9258286100,,
Las Positas Golf Course,"917 Club House Dr Livermore, CA 94551 United States",,9254557820,,
Dublin Ranch Golf Course,"5900 Signal Hill Dr Dublin, CA 94568 United States",,9255567040,,
STANFORD UNIVERSITY GOLF COURSE,"198 JUNIPERO SERRA BLVD STANFORD, CA 94305 United States",,,,
San Jose Municipal Golf Course,"1560 Oakland Rd San Jose, CA 95131 United States",,4084414653,,
Sharon Heights Golf and Country Club,"2900 Sand Hill Rd Menlo Park, CA 94025 United States",,6508546429,,
San Jose Country Club,"15571 Alum Rock Ave San Jose, CA 95127 United States",,4082584901,,
Pruneridge Golf Club,"400 N Saratoga Ave Santa Clara, CA 95050 United States",,4082484424,,
Deep Cliff Golf Course,"10700 Club House Ln Cupertino, CA 95014 United States",,4082535357,,
Poppy Ridge Golf Course,"4280 Greenville Rd Livermore, CA 94550 United States",,9254568202,,
"CLUB CHAMPION, DANVILLE","3480 Blackhawk Plaza Circle, Suite D5 Danville, CA 94506 United States",,,,
Blackhawk Country Club,"599 Blackhawk Club Dr Danville, CA 94506 United States",,9257366550,,
CordeValle Golf Club,"1 Cordevalle Club Dr San Martin, CA 95046 United States",,4086954590,,
Boundary Oak Golf Course,"3800 Valley Vista Rd Walnut Creek, CA 94598 United States",,9259436212,,
Contra Costa Country Club,"801 Golf Club Rd Pleasant Hill, CA 94523 United States",,9256858288,,
Peacock Gap Golf and Country Club,"333 Biscayne Dr San Rafael, CA 94901 United States",,4154534940,,
The Golf Mart,"530 Francisco Blvd West San Rafael, CA 94901 United States",,415-721-0626,,
Mare Island Golf Club,"1800 Club Dr Vallejo, CA 94592 United States",,7075624653,,
McInnis Park Golf Center,"350 Smith Ranch Rd San Rafael, CA 94903 United States",,4154921800,,
Diablo Creek Golf Course,"4050 Port Chicago Hwy Concord, CA 94520 United States",,9256866267,,
Lake Tahoe Golf Course,"2500 Emerald Bay Rd South Lake Tahoe, CA 96150 United States",,5305770788,,
Edgewood Tahoe Golf Course,"180 Lake Parkway Stateline, NV 89449 United States",,7755883566,,
TAHOE CITY GOLF COURSE,"251 NORTH LAKE BLVD TAHOE CITY, CA 96145 United States",,,,
Golf Course at Incline Village,"955 Fairway Blvd Incline Village, NV 89451 United States",,7758321143,,
Dayton Valley Golf Club,"51 Palmer Dr Dayton, NV 89403 United States",,7752467888,,
Lahontan Golf Club,"12700 Lodgetrail Dr Truckee, CA 96161 United States",,5305502400,,
Coyote Moon Golf Course,"10685 Northwoods Blvd Truckee, CA 96161 United States",,5305870886,,
Wolf Run Golf Club,"1400 Wolf Run Rd Reno, NV 89511 United States",,7758513301,,
Apple Mountain Golf Resort,"3455 Carson Rd Camino, CA 95709 United States",,5306477400,,
Golf Headquarters,"4112 Kietzke Ln Reno, NV 89502 United States",,775-826-2245,,
Hidden Valley Country Club,"3575 E Hidden Valley Dr Reno, NV 89502 United States",,7758574742,,
Washoe County Golf Club,"2601 Foley Way Reno, NV 89505 United States",,7758286640,,
Scheels,"1200 Scheels Dr Sparks, NV 89434 United States",,775-331-2700,,
Wildcreek Golf Course,"3500 Sullivan Ln Sparks, NV 89431 United States",,7756733100,,
Cold Springs Golf and Country Club,"6500 Clubhouse Dr Placerville, CA 95667 United States",,5306224567,,
Red Hawk Golf Club,"6600 N Wingfield Pkwy Sparks, NV 89436 United States",,7756266000,,
Sierra Sage Golf Course,"6355 Silver Lake Rd Reno, NV 89506 United States",,7759721564,,
Serrano Country Club,"5005 Serrano Pkwy El Dorado Hills, CA 95762 United States",,9169335716,,
Darkhorse Golf Club,"24150 Darkhouse DR Auburn, CA 95602 United States",,5302697900,,
Black Oak Golf Course,"2455 Black Oak Rd Auburn, CA 95602 United States",,5308781900,,
The Ridge Golf Course,"2020 Golf Course Rd Auburn, CA 95602 United States",,5308887888,,
Lake of the Pines Country Club,"11665 Lakeshore N Auburn, CA 95602 United States",,5302688337,,
iFit Golf by Golf Etc,"2395 Iron Point Rd Folsom, CA 95630 United States",,916-983-3660,,
Mather Golf Course,"4103 Eagles Nest Rd Mather, CA 95655 United States",,9163644354,,
Cordova Golf Course,"9425 Jackson Rd Sacramento, CA 95826 United States",,9163621196,,
Ancil Hoffman Golf Course,"6700 Tarshes Dr Carmichael, CA 95608 United States",,9165754653,,
North Ridge Country Club,"7600 Madison Ave Fair Oaks, CA 95628 United States",,9169675716,,
Woodbridge Golf & Country Club,"800 E Woodbridge Rd Woodbridge, CA 95258 United States",,2093692371,,
Valley Hi Country Club,"9595 Franklin Blvd Elk Grove, CA 95758 United States",,9164232170,,
Haggin Oaks Golf Super Shop,"3645 Fulton Ave Sacramento, CA 95821 United States",,916-808-2526,,
Diamond Oaks Municipal Golf Course,"349 Diamond Oaks Rd Roseville, CA 95678 United States",,9167834947,,
Whitney Oaks Golf Club,"2305 Clubhouse Dr Rocklin, CA 95765 United States",,9166328333,,
Woodcreek Golf Club,"5880 Woodcreek Oaks Blvd Roseville, CA 95747 United States",,9167714662,,
Cherry Island Golf Course,"2360 Elverta Rd Elverta, CA 95626 United States",,9169917293,,
Sun City Roseville Golf Course,"7050 del Webb Blvd Roseville, CA 95747 United States",,9167743851,,
Catta Verdera Country Club,"1111 Catta Verdera Lincoln, CA 95648 United States",,9166457200,,
Lincoln Hills Golf Club,"1005 Sun City Ln Lincoln, CA 95648 United States",,9164347450,,
The Reserve At Spanos Park,"6301 W Eight Mile Rd Stockton, CA 95219 United States",,2094774653,,
Auburn Valley Golf Club,"8800 Auburn Valley Rd Auburn, CA 95602 United States",,5302691837,,
Lake Wildwood Country Club,"11255 Cottontail Way Penn Valley, CA 95946 United States",,5304321163,,
Peach Tree Golf & Country Club,"2043 Simpson Dantoni Rd Marysville, CA 95901 United States",,5307432039,,
Butte Creek Country Club,"175 Estates Dr Chico, CA 95928 United States",,5303438292,,
Canyon Oaks Country Club,"999 Yosemite Dr Chico, CA 95928 United States",,5303432582,,
Bidwell Park Golf Course,"3199 Golf Course Rd Chico, CA 95973 United States",,5308918417,,
Graeagle Meadows Golf Course,"6984 Highway 89 Graeagle, CA 96103 United States",,5308362323,,
Whitehawk Ranch Golf Club,"768 Whitehawk Dr Clio, CA 96106 United States",,5308360394,,
Yolo Fliers Club,"17980 County Road 94b Woodland, CA 95695 United States",,5306620281,,
Wilcox Oaks Golf Club,"Wilcox Golf Road Red Bluff, CA 96080 United States",,5305277087,,
Riverview Golf and Country Club,"4200 Bechelli Ln Redding, CA 96002 United States",,5302242255,,
Gold Hills Country Club,"1950 Gold Hills Dr Redding, CA 96003 United States",,5302467867,,
Davis Golf Course,"24439 Fairway Dr Davis, CA 95616 United States",,5307564010,,
Ukiah Municipal Golf Course,"599 Park Blvd Ukiah, CA 95482 United States",,7074672832,,
Rancho Murieta Country Club,"7000 Alameda Dr Rancho Murieta, CA 95683 United States",,9163543400,,
Cypress Lakes Golf Course,"5601 Meridian Rd Vacaville, CA 95687 United States",,7074487186,,
Mayacama Golf Club,"525 Mayacama Club Drive Santa Rosa, CA 95403 United States",,7075438040,,
Tayman Park Golf Course,"927 S Fitch Mountain Rd Healdsburg, CA 95448 United States",,7074334275,,
The Windsor Golf Club,"1340 19th Hole Dr Windsor, CA 95492 United States",,7078387888,,
Lone Tree Golf Course,"4800 Golf Course Rd Antioch, CA 94531 United States",,9257064220,,
Green Valley Country Club,"35 Country Club Dr Suisun City, CA 94534 United States",,7078641101,,
Indian Valley Golf Club,"3035 Novato Blvd Novato, CA 94947 United States",,4158971118,,
Beau Pre Golf Club,"1777 Norton Rd McKinleyville, CA 95519 United States",,7078393412,,
Grants Pass Golf Club,"230 Espey Rd Grants Pass, OR 97527 United States",,5414760849,,
Golf Etc,"1251 E McAndrews Rd Medford, OR 97504 United States",,541-770-2500,,
Centennial Golf Club,"1900 N Phoenix Rd Medford, OR 97504 United States",,5417734653,,
Rogue Valley Country Club,"2660 Hillcrest Rd Medford, OR 97504 United States",,5417725965,,
Eagle Point Golf Course,"100 Eagle Point Dr Eagle Point, OR 97524 United States",,5418268225,,
Bandon Dunes Golf Resort,"57744 Round Lake Dr Bandon, OR 97411 United States",,5413474380,,
Roseburg Country Club,"5051 Garden Valley Rd Roseburg, OR 97470 United States",,5416724041,,
Oak Hills Golf Club,"1919 Recreation Ln Sutherlin, OR 97479 United States",,5414594422,,
Running Y Ranch Resort,"5790 Coopers Hawk Rd Klamath Falls, OR 97601 United States",,5418505580,,
Reames Golf and Country Club,"4201 Highway 97 S Klamath Falls, OR 97603 United States",,5418847446,,
Harbor Links Golf Course,"601 Harbor Isles Blvd Klamath Falls, OR 97601 United States",,5418820609,,
Ocean Dunes Golf Links,"5647 Hwy 126 Florence, OR 97439 United States",,5419973232,,
Eugene Country Club,"255 Country Club Rd Eugene, OR 97401 United States",,5413445124,,
RIVERRIDGE GOLF COMPLEX,"3800 N DELTA HWY EUGENE, OR 97408 United States",,,,
Fiddlers Green,"91292 Hwy 99 North Eugene, OR 97402 United States",,541-689-8464,,
Springfield Country Club,"90333 Sunderman Rd Springfield, OR 97478 United States",,5417472517,,
Trysting Tree Golf Club,"34028 Electric Road Corvalis, OR 97333 United States",,5417523332,,
Spring Hill Country Club,"155 NW Country Club Ln Albany, OR 97321 United States",,5419266059,,
Hunter Ranch Golf Course,"4041 E Highway 46 Paso Robles, CA 93446 United States",,8052377444,,
Dairy Creek Golf Course,"2990 Dairy Creek Rd San Luis Obispo, CA 93405 United States",,8057828060,,
Sea Pines Golf Resort,"1930 Solano St Los Osos, CA 93402 United States",,8055285252,,
San Luis Obispo Country Club,"255 Country Club Dr San Luis Obispo, CA 93401 United States",,8055433400,,
Roger Dunn,"190 Station Way Arroyo Grande, CA 93420 United States",,805-481-3866,,
Salinas Fairways Golf Course,"45 Skyway Blvd Salinas, CA 93905 United States",,8317587300,,
Corral De Tierra Country Club,"81 Corral de Tierra Rd Salinas, CA 93908 United States",,8314841325,,
North Kern Golf Course,"17412 Quality Rd Bakersfield, CA 93308 United States",,6613990347,,
Santa Maria Country Club,"505 W Waller Ln Santa Maria, CA 93455 United States",,8059372027,,
Bayonet/Black Horse Golf Course,"1 McClure Way Seaside, CA 93955 United States",,8318997271,,
Seven Oaks Country Club,"2000 Grand Lakes Ave Bakersfield, CA 93311 United States",,6616646474,,
Rancho Maria Golf Club,"1950 Casmalia Rd Santa Maria, CA 93455 United States",,8059372019,,
GOODRICH GOLF SHOP,"7001 STOCKDALE HWY BAKERSFIELD, CA 93309 United States",,,,
Sundale Country Club,"6218 Sundale Ave Bakersfield, CA 93309 United States",,6618315224,,
Santa Teresa Golf Club,"260 Bernal Rd San Jose, CA 95119 United States",,4082252650,,
Villages Golf and Country Club,"5000 Cribari Ln San Jose, CA 95135 United States",,4082743220,,
Fairgrounds Golf Course,"1350 Bennett Valley Rd Santa Rosa, CA 95404 United States",,7072843520,,
The Golf Mart,"2768 Santa Rosa Ave Santa Rosa, CA 95407 United States",,707-584-4466,,
Foxtail Golf Club,"100 Golf Course Dr Rohnert Park, CA 94928 United States",,7075847766,,
Sycuan Resort,"3007 Dehesa Rd El Cajon, CA 92019 United States",,6194423425,,
Steele Canyon Golf Club,"3199 Stonefield Dr Jamul, CA 91935 United States",,6194416900,,
Bighorn Golf Club,"255 Palowet Dr Palm Desert, CA 92260 United States",,7603414653,,
Pete Carlsons Golf & Tennis,"73-741 Highway 111 Palm Desert, CA 92260 United States",,760-568-3263,,
PGA Tour Superstore,"72280 Hwy 111 Palm Desert, CA 92260 United States",,760-601-3450,,
The Lakes Country Club,"161 Old Ranch Rd Palm Desert, CA 92211 United States",,7605684321,,
"DAVID'S PRO SHOP, INC","100 CHAPARRAL DRIVE PALM DESERT, CA 92260 United States",,,,
ANTELOPE VALLEY COUNTRY CLUB,"39800 COUNTRY CLUB DR PALMDALE, CA 93551 United States",,,,
Rancho Vista Golf Club,"3905 Club Rancho Dr Palmdale, CA 93551 United States",,6612729903,,
Bear Mountain Golf Club,"43092 Goldmine Drive Big Bear Lake, CA 92315 United States",,9095858002,,
Oak Quarry Golf Club,"7151 Sierra Ave Riverside, CA 92509 United States",,9516851440,,
Roger Dunn,"11849 Foothill Blvd Ste D Rancho Cucamonga, CA 91730 United States",,909-948-7959,,
Goose Creek Golf Course,"11418 68th St Mira Loma, CA 91752 United States",,9097353982,,
Victoria Club,"2521 Arroyo Dr Riverside, CA 92506 United States",,9516835323,,
ACE GOLF INC,"257 E REDLANDS BLVD SAN BERNARDINO, CA 92408 United States",,,,
Roger Dunn,"10031 Indiana Ave Ste A Riverside, CA 92503 United States",,951-687-6524,,
Sierra La Verne Country Club,"6300 Country Club Dr La Verne, CA 91750 United States",,9095962100,,
Mountain Meadows Golf Course,"1875 Fairplex Dr Pomona, CA 91768 United States",,9096233704,,
Redlands Country Club,"1749 Garden St Redlands, CA 92373 United States",,9097931295,,
San Dimas Canyon Golf Course,"2100 Terrebonne Ave San Dimas, CA 91773 United States",,9095992313,,
Glendora Country Club,"2400 Country Club Dr Glendora, CA 91741 United States",,6263353713,,
Diamond Bar Golf Course,"22751 Golden Springs Dr Diamond Bar, CA 91765 United States",,9098618282,,
Yucaipa Valley Golf Course,"33725 Chapman Heights Rd Yucaipa, CA 92399 United States",,9097906522,,
Royal Vista Golf Club,"20055 E Colima Rd Walnut, CA 91789 United States",,9095957441,,
South Hills Country Club,"2655 S Citrus St West Covina, CA 91791 United States",,6263391231,,
Black Gold Golf Club,"17681 Lakeview Ave Yorba Linda, CA 92886 United States",,7149610060,,
Anaheim Hills Golf Course,"6501 E Nohl Ranch Rd Anaheim, CA 92807 United States",,7149983041,,
Morango Golf Club at Tukwit Canyon,"36211 Champions Dr Beaumont, CA 92223 United States",,9518450014,,
Alta Vista Country Club,"777 Alta Vista St Placentia, CA 92870 United States",,7145281103,,
Industry Hills Golf Club At Pacific Palms,"1 Industry Hills Pkwy City of Industry, CA 91744 United States",,6268104653,,
Brea Creek Golf Course,"501 W Fir St Brea, CA 92821 United States",,7145293003,,
Coyote Hills Golf Club,"1440 E Bastanchury Rd Fullerton, CA 92835 United States",,7146726800,,
Hacienda Golf Club,"718 East Rd La Habra Heights, CA 90631 United States",,5626941081,,
Fullerton Golf Course,"2700 N Harbor Blvd Fullerton, CA 92835 United States",,7145789201,,
Canyon Lake Country Club,"32001 Railroad Canyon Rd Canyon Lake, CA 92587 United States",,9092461782,,
Sun Lakes Country Club,"850 Country Club Dr Banning, CA 92220 United States",,9098452135,,
Desert Princess Country Club,"28-555 Landau Blvd. Cathedral City, CA 92234 United States",,7603222280,,
Escena Golf Club,"1100 Clubhouse View Palm Springs, CA 92262 United States",,7607782737,,
TPC At Valencia,"26550 Heritage View Ln Valencia, CA 91381 United States",,6612881995,,
Vista Valencia Golf Club,"24700 Trevino Dr Valencia, CA 91355 United States",,6612861561,,
Roger Dunn,"24200 Main St Newhall, CA 91321 United States",,661-222-7177,,
Elkins Ranch Golf Course,"1386 Chambersburg Rd Fillmore, CA 93015 United States",,8055241121,,
Ojai Valley Inn and Spa,"905 Country Club Rd Ojai, CA 93023 United States",,8056462420,,
Rustic Canyon Golf Club,"15100 Happy Camp Canyon Rd Moorpark, CA 93021 United States",,8055300221,,
Porter Valley Country Club,"19216 Singing Hills Dr Northridge, CA 91326 United States",,8183682919,,
Moorpark Country Club,"11800 Championship Dr Moorpark, CA 93021 United States",,8055322834,,
La Canada Flintridge Country Club,"5500 Godbey Dr La Canada, CA 91011 United States",,8187900155,,
Oakmont Country Club,"3100 Country Club Dr Glendale, CA 91208 United States",,8185424292,,
Saticoy Country Club,"4450 Clubhouse Dr Somis, CA 93066 United States",,8054854956,,
Las Posas Country Club,"955 Fairway Dr Camarillo, CA 93010 United States",,8053882901,,
Roger Dunn,"5445 Lankershim Blvd North Hollywood, CA 91601 United States",,818-763-3622,,
North Ranch Country Club,"4761 Valley Spring Dr Westlake Village, CA 91362 United States",,8054961995,,
El Caballero Country Club,"18300 Tarzana Dr Tarzana, CA 91356 United States",,8183452770,,
Scholl Canyon Golf Course,"3800 E Glenoaks Blvd Glendale, CA 91206 United States",,8182434100,,
Braemar Country Club,"4001 Reseda Blvd Tarzana, CA 91356 United States",,8183456520,,
Valley Club of Montecito,"1901 E Valley Rd Santa Barbara, CA 93108 United States",,8059694681,,
Birnam Wood Golf Club,"2031 Packing House Rd Santa Barbara, CA 93108 United States",,8059690919,,
Golf Klub,"3313-A State St Santa Barbara, CA 93105 United States",,805-687-6300,,
Santa Barbara Golf Club,"3500 McCaw Ave Santa Barbara, CA 93105 United States",,8058972654,,
La Cumbre Country Club,"4015 Via Laguna Santa Barbara, CA 93110 United States",,8056872421,,
Twin Lakes Golf Course,"6034 Hollister Ave Goleta, CA 93117 United States",,8059641414,,
Buenaventura Golf Course,"5882 Olivas Park Dr Ventura, CA 93003 United States",,8056422231,,
Spanish Hills Golf & Country Club,"999 Crestview Ave Camarillo, CA 93010 United States",,8053891644,,
Roger Dunn,"2810 Camino Dos Rios Newbury Park, CA 91320 United States",,805-375-7755,,
River Ridge Golf Club,"2401 W Vineyard Ave Oxnard, CA 93036 United States",,8059834653,,
Bogey Bobs,"1560 Newbury Rd Newbury Park, CA 91330 United States",,805-498-9116,,
SeaBee Golf Club of Port Hueneme,"Bldg 233 - Port Hueneme Naval Base Port Hueneme, CA 93043 United States",,8059822620,,
Westlake Golf Course,"4812 Lakeview Canyon Rd Westlake Village, CA 91361 United States",,8188890770,,
Brookside Golf Course,"1133 Rosemont Ave Pasadena, CA 91103 United States",,6265853598,,
Sherwood Country Club,"320 W Stafford Rd Thousand Oaks, CA 91361 United States",,8054963036,,
Calabasas Country Club,"4515 Park Entrada Calabasas, CA 91302 United States",,8182228111,,
Lakeside Golf Club,"4500 W Lakeside Dr Burbank, CA 91505 United States",,8189840601,,
Annandale Golf Club,"1 N San Rafael Ave Pasadena, CA 91105 United States",,6267958253,,
Crown City Golf Shoppe,"1055 E Green St Pasadena, CA 91106 United States",,626-793-0097,,
Santa Anita Golf Course,"405 S Santa Anita Ave Arcadia, CA 91006 United States",,6264477156,,
Arcadia Golf Course,"620 E Live Oak Ave Arcadia, CA 91006 United States",,6264439367,,
Griffith Golf Complex,"4730 Crystal Springs Dr Los Angeles, CA 90027 United States",,3236642255,,
Golden Golf Mart,"320 W Valley Rd San Gabriel, CA 91776 United States",,626-458-1465,,
Alhambra Golf Course,"630 S Almansor St Alhambra, CA 91801 United States",,6265705059,,
Winnemucca Municipal Golf Course,"1395 Mizpah St Winnemucca, NV 89445 United States",,7756239920,,
Rio Hondo Golf Club,"10627 Old River School Rd Downey, CA 90241 United States",,5629272329,,
THE OLYMPIC GOLF,"4934 ZAMBRANO ST. COMMERCE, CA 90040 United States",,,,
SB CLUB REPAIR AT ALONDRA GC,"16400 PRAIRIE AVE LAWNDALE, CA 90260 United States",,,,
Vantage Sport Shop,"123 Onizuka Street Los Angeles, CA 90012 United States",,213-617-0875,,
Alondra Park Golf Course,"16400 Prairie Ave Lawndale, CA 90260 United States",,3102179916,,
Win SR Golf,"2666 W. Olympic Blvd Los Angeles, CA 90006 United States",,213-385-3685,,
Virginia Country Club,"4602 N Virginia Rd Long Beach, CA 90807 United States",,5624270924,,
Monterey Park Golf Course,"3600 W Ramona Blvd Monterey Park, CA 91754 United States",,3232664632,,
Culver City Golf,"11487 Jefferson Blvd Culver City, CA 90230 United States",,310-533-7653,,
MAXTOP INC.,"#104 TORRANCE, CA 90501 United States",,,,
Golf Exchange,"1860 Carson St Torrance, CA 90501 United States",,310-533-1400,,
Wilshire Country Club,"301 N Rossmore Ave Los Angeles, CA 90004 United States",,3239341121,,
Plaza Golf,"23715 Crenshaw Blvd Torrance, CA 90505 United States",,310-534-3346,,
"WEST 21, INC","2774 DAWSON AVE. SIGNAL HILL, CA 90755 United States",,,,
Skylinks At Long Beach Golf Course,"4800 E Wardlow Rd Long Beach, CA 90808 United States",,5624213388,,
Heartwell Golf Course,"6700 E Carson St Long Beach, CA 90808 United States",,5624218855,,
Hillcrest Country Club,"10000 W Pico Blvd Los Angeles, CA 90064 United States",,3103006130,,
Candlewood Country Club,"14000 Telegraph Rd Whittier, CA 90604 United States",,5629415310,,
Rolling Hills Country Club,"27000 Palos Verdes Dr E Rolling Hills Estates, CA 90274 United States",,3103264343,,
Los Angeles Country Club,"10101 Wilshire Blvd Los Angeles, CA 90024 United States",,3102766104,,
Palos Verdes Golf Club,"3301 Via Campesina Palos Verdes Estates, CA 90274 United States",,3103752533,,
El Dorado Park Golf Course,"2400 N Studebaker Rd Long Beach, CA 90815 United States",,5624305411,,
Roger Dunn,"1801 S Bundy Dr Los Angeles, CA 90025 United States",,310-826-9003,,
Bel-Air Country Club,"10768 Bellagio Rd Los Angeles, CA 90077 United States",,3104729563,,
"CLUB CHAMPION, LOS ANGELES","2929 Santa Monica Blvd. Santa Monica, CA 60527 United States",,,,
Brentwood Country Club,"590 S Burlingame Ave Los Angeles, CA 90049 United States",,3104518011,,
Mountaingate Country Club,"12445 Mountain Gate Dr Los Angeles, CA 90049 United States",,3104766215,,
Riviera Country Club,"1250 Capri Dr Pacific Palisades, CA 90272 United States",,3104546591,,
Los Verdes Golf Course,"7000 Los Verdes Dr Rancho Palos Verdes, CA 90275 United States",,3103777888,,
Roger Dunn,"13958 Seal Beach Blvd Seal Beach, CA 90740 United States",,562-598-1300,,
Old Ranch Country Club,"3901 Lampson Ave Seal Beach, CA 90740 United States",,5625964425,,
Navy Golf Course,"5660 Orangewood Ave Cypress, CA 90630 United States",,7143739155,,
Sea Cliff Country Club,"6501 Palm Ave Huntington Beach, CA 92648 United States",,7145367575,,
La Mirada Golf Course,"15501 Alicante Rd La Mirada, CA 90638 United States",,5629437123,,
Friendly Hills Country Club,"8500 Villaverde Dr Whittier, CA 90605 United States",,5626980331,,
Los Coyotes Country Club,"8888 Los Coyotes Dr Buena Park, CA 90621 United States",,7149497788,,
Newport Beach Country Club,"1600 E Coast Hwy Newport Beach, CA 92660 United States",,9496449680,,
Costa Mesa Country Club,"1701 Golf Course Dr Costa Mesa, CA 92626 United States",,7145407500,,
Mesa Verde Country Club,"3000 Club House Rd Costa Mesa, CA 92626 United States",,7145490522,,
Big Canyon Country Club,"1 Big Canyon Dr Newport Beach, CA 92660 United States",,9496445404,,
Newport Beach Golf Shop,"3100 Irvine Ave Newport Beach, CA 92660 United States",,949-251-9245,,
Santa Ana Country Club,"20382 Newport Blvd Santa Ana, CA 92707 United States",,7145563000,,
Ben Browns Golf Course - The Ranch at Laguna Beach,"31106 Coast Hwy Laguna Beach, CA 92651 United States",,9494991919,,
Rancho San Joaquin Golf Course,"1 Ethel Coplen Way Irvine, CA 92612 United States",,9494510840,,
Shady Canyon Golf Club,"100 Shady Canyon Dr Irvine, CA 92603 United States",,9498567000,,
El Niguel Country Club,"23700 Clubhouse Dr Laguna Niguel, CA 92677 United States",,9494965767,,
Silver Creek Valley Country Club,"5460 Country Club Pkwy San Jose, CA 95138 United States",,4082395775,,
Golf Club At Boulder Ridge,"1000 Old Quarry Rd San Jose, CA 95123 United States",,4083239900,,
Almaden Golf and Country Club,"6663 Hampton Dr San Jose, CA 95120 United States",,4082683959,,
Seascape Golf Club,"610 Clubhouse Dr Aptos, CA 95003 United States",,8316883214,,
Bend Golf and Country Club,"61045 Country Club Dr Bend, OR 97702 United States",,5413823261,,
Tetherow Golf Club,"61240 Skyline Ranch Rd Bend, OR 97702 United States",,5413882582,,
Broken Top Club,"62000 Broken Top Dr Bend, OR 97702 United States",,5413838215,,
Pronghorn Golf Club,"65600 Pronghorn Club Dr Bend, OR 97701 United States",,5413184555,,
Pro Golf of Bend,"100 NE Bend River Mall Ave Bend, OR 97701 United States",,541-593-4653,,
Awbrey Glen Golf Club,"2500 NW Awbrey Glen Dr Bend, OR 97701 United States",,5413856011,,
DeLaveaga Golf Course,"401 Upper Park Rd Santa Cruz, CA 95065 United States",,8314237212,,
La Rinconada Country Club,"14597 Clearview Dr Los Gatos, CA 95032 United States",,4083954220,,
ROGER DUNN GOLF SHOP SHIP ACCT SANTA ANA,"1421 VILLAGE WAY SANTA ANA, CA 92705 United States",,714-558-0074,,
Strawberry Farms Golf Club,"11 Strawberry Farm Rd Irvine, CA 92612 United States",,9495511811,,
Oak Creek Golf Club,"1 Golf Club Dr Irvine, CA 92618 United States",,9496537300,,
PGA Tour Superstore,"107 Technology Drive W Irvine, CA 92618 United States",,949-271-2950,,
Laguna Woods Golf Course,"24112 Moulton Pkwy Laguna Woods, CA 92653 United States",,9495974336,,
Lake Forest Golf and Practice Center,"23308 Cherry Ave Lake Forest, CA 92630 United States",,9498591455,,
Roger Dunn,"28191 Marguerite Pkwy Ste 16 Mission Viejo, CA 92692 United States",,949-364-1611,,
Tijeras Creek Golf Club,"29082 Tijeras Crk Rancho Santa Margarita, CA 92688 United States",,9495899793,,
Dove Canyon Country Club,"22682 Golf Club Dr Trabuco Canyon, CA 92679 United States",,9498582888,,
Bella Collina Golf Club,"200 Avenida La Pata San Clemente, CA 92673 United States",,9494986604,,
San Clemente Municipal Golf Course,"150 E Avenida Magdalena San Clemente, CA 92672 United States",,9493618380,,
Marine Memorial Golf Course,"Golf Course Road, Bldg. 18415 Camp Pendleton, CA 92055 United States",,7607254390,,
Cross Creek Golf Club,"43860 Glenn Meadows Rd Temecula, CA 92590 United States",,9515063402,,
Emerald Isle Golf Course,"660 S El Camino Real Oceanside, CA 92057 United States",,7607214700,,
Carlsbad Golf Center,"2711 Haymar Dr Carlsbad, CA 92010 United States",,760-720-4653,,
The Golf Club of California,"3742 Flowerwood Ln Fallbrook, CA 92028 United States",,7604513737,,
Desert Falls Country Club,"1111 Desert Falls Pkwy Palm Desert, CA 92211 United States",,7603405646,,
Palm Desert Greens Country Club,"73750 Country Club Dr Palm Desert, CA 92260 United States",,7603468005,,
O'Donnell Golf Club,"301 N Belardo Rd Palm Springs, CA 92262 United States",,7603252259,,
VALLEY GOLF HEMET,"26475 YNEZ RD TEMECULA, CA 92591 United States",,,,
Mission Hills Country Club,"34600 Mission Hills Dr Rancho Mirage, CA 92270 United States",,7603249400,,
Desert Island Golf and Country Club,"71777 Frank Sinatra Dr Rancho Mirage, CA 92270 United States",,7603280841,,
Sunrise Country Club,"71601 Country Club Dr Rancho Mirage, CA 92270 United States",,7603281139,,
Journey at Pechanga,"45400 Pechanga Pkwy Temecula, CA 92592 United States",,9517704653,,
Pala Mesa Resort,"2001 Old Highway 395 Fallbrook, CA 92028 United States",,7607286803,,
Pauma Valley Country Club,"15835 Pauma Valley Drive Pauma Valley, CA 92061 United States",,7607421230,,
Reidy Creek Golf Course,"2300 N Broadway Escondido, CA 92026 United States",,7607402450,,
Vista Valley Country Club,"29354 Vista Valley Dr Vista, CA 92084 United States",,7607582800,,
The Golf Mart,"1066 W. Valley Pkwy Escondido, CA 92025 United States",,760-741-0441,,
The Vineyard At Escondido,"925 San Pasqual Rd Escondido, CA 92025 United States",,7607359545,,
NORTH COUNTY GOLF OUTLET,"110 BOSSTICK BLVD SAN MARCOS, CA 92069 United States",,,,
SAINT MARK GOLF & RESORT,"1750 SAN PABLO DR SAN MARCOS, CA 92078 United States",,,,
The Golf Mart,"1441 Encinitas Blvd #110 Encinitas, CA 92024 United States",,760-944-1534,,
Country Club of Rancho Bernardo,"12280 Greens East Rd San Diego, CA 92128 United States",,8584871212,,
Castle Oaks Golf Club,,,209274,,
