BIKERS EDGE,"232 North Main Street, Kaysville, UT  84037",www.bebikes.com,801-544-5300,info@bebikes.com,
SKYLINE CYCLE,"834 Washington Boulevard, Ogden, UT  84401",www.skylinecyclery.com,801-394-7700,info@skylinecyclery.com,
GO-RIDE,"2066 S 2100 E #C, Salt Lake City, UT  84108",www.go-ride.com,801-474-0081,krispy@go-ride.com,
FISHERS CYCLERY,"2175 South 900 East, Salt Lake City, UT  84106",www.fisherscyclery.com,801-466-3971,fishers2175@gmail.com,
SUMMIT CYCLERY,"4644 S Holladay Blvd, Holladay, UT  84117",www.summitcyclery.com,801-676-9136,info@summitcyclery.com,
ANDY JORDAN'S BICYCLE WAREHOUSE,"527 13th Street, Augusta, GA  30901",www.andyjordans.com,706-724-2453,djordan@andyjordans.com,
BIKE TECH,"3003 Vineville Avenue, Macon, GA  31204",www.biketechmacon.com,478-741-8356,ride@biketechmacon.com,
SUNSHINE CYCLES,"56 North Main Street, Watkinsville, GA  30677",www.sunshinecycles.com,706-769-1730,jimmy@sunshinecycles.com,
SUNSHINE BICYCLES,"1063 Baxter Street, Suite 600, Athens, GA  30606",www.sunshinecycles.com,706-548-6088,jimmy@sunshinecycles.com,
QUALITY BIKE,"1127 East Montgomery Cross Road, Suite 4, Savannah, GA  31406",www.qualitybikeshop.com,912-692-1005,qualitybike@yahoo.com,
THE BICYCLE SHOP- DIMOND,"1801 W Dimond Blvd, Anchorage, AK  99515",www.alaskabicycleshop.com,907-222-9953,bikeshopdimond@gmail.com,
PARAMOUNT CYCLES,"1320 Huffman Park Drive, Anchorage, AK  99515",www.paramountcyclesak.com,907-336-2453,paramountcycles@gci.net,
BEN'S BIKES SEQUIM,"1251 W Washington St, Sequim, WA  98382",www.bensbikessequim.com,360-683-2666,info@bensbikessequim.com,
JACKS BICYCLE CENTER,"1907 Iowa Street, Bellingham, WA  98226",www.jacksbicyclecenter.net,360-733-1955,bvannus@yahoo.com,
SKAGIT CYCLE CENTER,"1620 Commercial Avenue, Anacortes, WA  98221",www.skagitcyclecenter.com,360-588-8776,info@skagitcyclecenter.com,
HAWAII TRIATHLON CENTER,"315 Uluniu Street Suite 105, Kailua, HI  96734",www.hitricenter.com,808-333-1151,ben@hitricenter.com,
MCCULLY'S BICYCLE & FITNESS,"2124 South King Street, Honolulu, HI  96826",www.mccullybike.com,808-955-6329,staff@mccullybike.com,
LA VOGUE BICYCLE AND APPAREL,"623 Simpson Avenue, Hoquiam, WA  98550",,360-532-0887,lavoguebicycle@qwestoffice.net,
UNIVERSITY BICYCLE CENTER,"1220 E. Fletcher Avenue, Tampa, FL  33612",www.ubcbike.com,813-971-2277,lisa@ubcbike.com,
SOUTH MAIN CYCLES,"4 North Main Street, Belmont, NC  28012",www.southmaincycles.com,704-825-8585,info@southmaincycles.com,
BIKE LINE OF CHARLOTTE,"8528 University City Blvd Suite M, Charlotte, NC  28213",www.charlottebikes.net,704 549-8804,bikeline@bellsouth.net,
ALL STAR BIKE SHOP-CARY,"1241 Kildaire Farm Road, Cary, NC  27511",www.allstarbikeshop.com,919-469-1849,allstarbikeshopcary@gmail.com,
BICYCLE WORLD OF KATY,"24555 Katy Freeway, Katy, TX  77494",www.visitbicycleworld.com,281-665-1016,matt.matthews@visitbicycleworld.com,
ROLL MODELS,"6641 Park Avenue, Allen Park, MI  48101",www.rollmodelsbikeshop.com,313-382-1990,rollmodels@sbcglobal.net,
SOUTH SHORE CYCLERY,"4758 South Packard Avenue, Cudahy, WI  53110",www.southshorecyclery.com/product-list/giant-bicycles-accessories-milwaukee-wi-pg152,414-831-0211,giant@southshorecyclery.com,
BICYCLE WISE,"1155 W. Main Street, Whitewater, WI  53190",www.bicyclewise.com,262-473-4730,john.sotherland@bicyclewise.com,
PEAK MTB PRO SHOP INC,"4242 235th Street, Little Neck, NY  11363",www.peakmtnbike.com,718-225-5119,peakmountainbike@yahoo.com,
BRANDS CYCLE CENTER,"1966 Wantagh Avenue, Wantagh, NY  11793",www.brandscycle.com,516-781-6100,gssbrandscycle.com,
RIDE BROOKLYN,"50 North 7th Street, Brooklyn, NY  11249",www.ridebrooklynny.com,718-387-2453,info@ridebrooklynny.com,
BICYCLE ROOTS,"609 Nostrand Avenue, Brooklyn, NY  11216",www.bicycleroots.com,718-668-5224,info@bicycleroots.com,
REDBEARD BIKES,"69 Jay Street, Brooklyn, NY  11201",www.redbeardbikes.com,718-858-2453,redbeard@redbeardbikes.com,
SKAGIT CYCLE CENTER,"1704 South Burlington Boulevard, Burlington, WA  98233",www.skagitcyclecenter.com,360-757-7910,info@skagitcyclecenter.com,
SKAGIT CYCLE CENTER,"731 SE Pioneer Way, Oak Harbor, WA  98277",www.skagitcyclecenter.com,360-682-6546,gary@skagitcyclecenter.com,
LUCKY BRAKE,"470 West Virginia Street, Crystal Lake, IL  60014",www.luckybrakebikes.com,815-459-1833,karrie@luckybrakebikes.com,
TRAILHEAD CYCLING & FITNESS,"11350 Aquila Drive, Champlin, MN  55316", www.trailheadcycling.com,763-712-0312,info@trailheadcycling.com,
CYCLE WORKS,"720 North 27th Street, Lincoln, NE  68503",www.cycleworksusa.com,402-475-2453,info@cycleworksusa.com,
BIKE ZONE OF COVINGTON,"600 North Highway 190, Covington, LA  70433",www.bikezonela.com,985-892-0222,bikezone@bellsouth.net,
BICYCLE WORLD OF LOUISIANA,"701 Jefferson Highway, New Orleans, LA  70121",www.bicycleworldla.com,504-828-1862,adam@bicycleworldla.com,
CHAMPION CYCLING,"11447 San Jose Boulevard, Jacksonville, FL  32223",www.championcycling.net,904-262-5744,pjforeman@gmail.com,
CHAMPION CYCLING,"1025 Arlington Road North, Jacksonville, FL  32211",www.championcycling.net,904-724-4922,championcycling1@gmail.com,
CHAMPION CYCLING,"1303 3rd Street North, Jacksonville Beach, FL  32250",www.championcycling.net,904-241-0900,championbikes@yahoo.com,
CAMDEN BICYCLE CENTER,"1929 Osborne Road, Saint Marys, GA  31558",www.camdenbike.com,912-576-9696,info@camdenbikes.com,
JC'S BIKES AND BOARDS,"345 South Woodland Boulevard, Deland, FL  32724",www.jcsbikeshop.com,386-736-3620,jcsbikesandboards@yahoo.com,
KLM BIKE & FITNESS,"2680 Rochester Road, Rochester, MI  48307",www.klmfitness.com,248-299-0456,frank@klmfitness.com,
BERKSHIRE BIKE AND BOARD,"29 State Road, Great Barrington, MA  01230",www.berkshirebikeandboard.com,413-528-5555,spokes@berkshirebikeandboard.com,
URBAN SHARK,"1009 Locust Avenue, Saint Louis, MO  63101",www.bigshark.com,314-881-0322,mike@bigshark.com,
SALIDA BIKE COMPANY,"148 North F Street, Salida, CO  81201",www.salidabikecompany.com,719-539-4466,info@salidabikecompany.com,
BIKE MASTERS AHWATUKEE,"4802 E Ray Rd Ste 5, Phoenix, AZ  85044",www.bikemastersaz.com,480-598-3373,bikemastersaz@gmail.com,
ISLAND BICYCLE,"211 Anastasia Boulevard, Saint Augustine, FL  32080",,904-824-4010,islandbicycle@bellsouth.net,
TAYLOR'S BIKE SHOP,"2600 West 12600 South, Riverton, UT  84065",www.taylorsbikeshop.com,801-253-1881,bryan@taylorsbikeshop.com,
TAYLOR'S BIKE SHOP,"1520 North Freedom Boulevard, Provo, UT  84604",www.taylorsbikeshop.com,801-377-8044,info@taylorsbikeshop.com,
RAPID CYCLING,"705 N Bluff Street, Saint George, UT  84770",www.rapidcyclingbikes.com,435-703-9880,holly_okeefe@msn.com,
CAMPUS CYCLES,"2102 South Washington Street, Denver, CO  80210",www.campuscycles.com,303-698-2811,markv@campuscycles.com,
FLAGSTAFF BICYCLE REVOLUTION,"3 South Mikes Pike, Flagstaff, AZ  86001",www.flagbikerev.com,928-774-3042,adam@flagbikerev.com,
BIKE KING,"364 West Trenton Avenue, Morrisville, PA  19067",www.bikeking.com,215-736-3350,info@bikeking.com,
BICYCLE PRO,"250 Us Highway 130, Bordentown, NJ  08505",www.bicycle-pro.com,609-291-9090,bicyclepro@verizon.net,
PLANET BIKE,"1020 Route 18 North, East Brunswick, NJ  08816",www.planetbikenj.com,732-651-8080,planetbikenj@yahoo.com,
NEWTOWN BICYCLE AND FITNESS,"30 North State Street, Newtown, PA  18940",www.newtownbike.com,215-968-3200,harry@newtownbike.com,
PLANET BIKE,"361 Route 34, Matawan, NJ  07747",www.planetbikenj.com,732-290-9898,planetbikenj@yahoo.com,
BOB'S BIKE,"2852 18th St South, Homewood, AL  35209",www.bobs-bikes.com,205 879 2258,info@bobs-bikes.com,
QUEEN CITY CYCLES,"519 Queen City Avenue, Tuscaloosa, AL  35401",www.facebook.com/pages/Queen-City-Cycles-Inc/185748958165064,205-248-2481,capley7@gmail.com,
FUN WHEELS,"1209 Snow Street, Oxford, AL  36203",www.funwheelsbicycles.com,256-831-9507,funwheels@cableone.net,
THE BIKE SHOP OF COLUMBUS,"3554 Hilton Ave, Columbus, GA  31904",www.thebikeshopofcolumbus.com,706-507-2402,absonthetrace@gmail.com,
PERPETUAL MOTION BICYCLES,"1002 Maple Street, Carrollton, GA  30117",www.perpetualmotionbikes.com,770-834-3278,thefolks.giantol@perpetualmotionbikes.com,
CADENCE 120 BICYCLE WORKS,"5558 Old Shell Road, Mobile, AL  36608",www.cadence120.com,251-344-7435,info@cadence120.com,
TRULY SPOKIN BICYCLE,"6103 Tippin Avenue, Pensacola, FL  32505","www.trulyspokin.com
",850-505-0092,trulyspokinbikes@gmail.com,
TRULY SPOKIN BICYCLE,"5172 Stewart Street, Milton, FL  32570",www.trulyspokin.com,850-983-2488,trulyspokinbikes@gmail.com,
ROBIN'S BIKES & FITNESS,"11166 Emerald Coast Parkway West, Destin, FL  32550",www.robinsbikes.com,850-269-2453,info@robinsbikes.com,
MOORE'S BICYCLE SHOP,"1607 Hardy Street, Suite C, Hattiesburg, MS  39401",www.mooresbikes.com,601-544-1978,tracerider@megagate.com,
SOURLAND CYCLES,"53 East Broad Street, Hopewell, NJ  08525",,609-333-8553,info@sourlandcycles.com,
THE GREAT BICYCLE SHOP,"1909 Thomasville Road, Tallahassee, FL  32303",www.greatbicycle.com,850-224-7461,bicycle@greatbicycle.com,
BICYCLES UNLIMITED,"266 S. Peachtree Pkwy, Peachtree City, GA  30269",www.bicyclesunl.com,770-486-9252,Brad@bicyclesunl.com,
BLEVINS BICYCLE COMPANY,"8402 Whitesburg Drive, Huntsville, AL  35802",www.blevinsbicycleco.com,256-270-8703,blevinsbicycles@gmail.com,
CORE CYCLE & OUTDOOR,"1697 N Coley Rd, Tupelo, MS  38801",,662-260-5266,corecycleandoutdoor@gmail.com,
KOZY CYCLERY,"2540 South Wabash, Chicago, IL  60616",www.kozy.com,312-794-4155,,
KOZY'S CYCLERY,"219 West Erie Street, Chicago, IL  60610",www.kozy.com,312-266-1700,paul@kozy.com,
BFF BIKES,"2113 West Armitage Avenue, Chicago, IL  60647",www.bffbikes.com,773-666-5153,bffbikes@bffbikes.com,
KOZY'S CYCLERY,"3712 North Halsted Street, Chicago, IL  60613",www.kozy.com,773-281-2263,Ron@Kozys.Com,
SMYRNA BICYCLES,"4624 Camp Highland Road Ste 100, Smyrna, GA  30082",www.smyrnabicycles.com,770-436-3252,bnlcycleworks@gmail.com,
EAST RIDGE BICYCLES,"5910 Ringgold Road, Chattanooga, TN  37412",www.eastridgebicycles.net,423-899-5217,eastridgebicycles83@gmail.com,
"ROSWELL BICYCLE, INC.","670 Houze Way, Roswell, GA  30076",www.roswellbicycles.com,770-642-4057,info@roswellbicycles.com,
THE BIKE CROSSING-FLOWOOD,"115 Laurel Park Cove, Flowood, MS  39232",,,robert@thebikecrossing.com,
THE BIKE CROSSING,"115 W.Jackson Street Building 1-A#1-D, Ridgeland, MS  39157",www.thebikecrossing.com,601-856-0049,Robert@thebikecrossing.com,
BICYCLE PLAYGROUND,"256 Main Street, Huntington, NY  11743",www.bicycleplayground.com,631-683-5522,info@bicycleplayground.com,
THE BICYCLE PLANET,"340 Robbins Lane, Syosset, NY  11791",www.thebicycleplanet.com,516-364-4434,info@thebicycleplanet.com,
BICYCLE SOUTH,"2098 North Decatur Road, Decatur, GA  30033",www.bicyclesouth.com,404-636-4444,info@bicyclesouth.com,
"HUB CITY BICYCLES CO, LLC","621 Old Hickory Boulevard, Jackson, TN  38305",www.hubcitybicycle.com,731-554-2453,hubcitybicycle@gmail.com,
BIKE WORLD,"3660 S. Houston Levee, Collierville, TN  38017",www.bikeworldtn.com,901-853-5569,chadterry@bikeworldtn.com,
BIKES PLUS,"9445 Poplar Avenue, Germantown, TN  38138",www.bikesplus.net,901-755-7233,info@bikesplus.net,
TRACE BIKES,"8080B Highway 100, Nashville, TN  37221",www.tracebikes.com,615-646-2485,scott@tracebikes.com,
RIDE BROOKLYN,"468 Bergen Street, Brooklyn, NY  11217",www.ridebrooklynny.com,718-857-7433,pete@ridebrooklynny.com,
DIAMOND CYCLE,"409 Bloomfield Avenue, Montclair, NJ  07042",www.diamondcycle.com,973-509-0233,craig@diamondcycle.com,
FUSION CYCLES,"31A Washington Street, Tenafly, NJ  07670",,201-266-6925,fusioncyclesnj@gmail.com,
Colon Bicycle,"Valdosta705, 6470 LakePark Belville, Lake Park, GA  31636",,229-559-6600,peggy.carter@roadway.com,
COOKEVILLE BICYCLES,"610 West Jackson St, Cookeville, TN  38501",www.cookevillebicycles.com,931-520-6161,cookbike@citlink.net,
RIDE615 BICYCLE SHOP,"3441 Lebanon Road #103, Hermitage, TN  37076",www.ride615.com,615-200-7433,office@ride615.com,
WHEEL WORLD,"4051 Sepulveda Boulevard, Culver City, CA  90230",www.wheelworld.com,310-391-5251,sales@wheelworld.com,
MDR BIKE COMPANY,"4051 Lincoln Boulevard, Marina Del Rey, CA  90292",www.bikecologymdr.com,310-821-0766,info@bikecologymdr.com,
JUST RIDE LA,"1626 South Hill Street, Los Angeles, CA  90015",www.JustRideLA.com,213-745-6783,info@justridela.com,
C TOWN BIKES,"1927 Highway 138 Northeast, Suite 1300, Conyers, GA  30013",www.ctownbikes.com,770-922-8511,info@ctownbikes.com,
BIKE WORLD OF COVINGTON,"3140 Highway 278 Northeast, Covington, GA  30014",,770-786-4247,,
COLONEL'S BIKES,"851 Foch Street, Fort Worth, TX  76107",www.colonelsbikes.com,817-924-1333,info@colonelsbikes.com,
SPOKES BICYCLE AND SERVICE,"111 South Wilson Street, Burleson, TX  76028",www.spokes-bicycles.com,817-447-3505,george@spokes-bicycles.com,
DALLAS BIKE WORKS,"4875 West Lawther Drive, Dallas, TX  75214",www.dallasbikeworks.com,214-343-2453,boyd@dallasbikeworks.com,
"CADENCE CYCLERY OF MCKINNEY (DALLAS, TX AREA)","129 South Tennessee Street, McKinney, TX  75069",www.cadencecyclery.com,972-548-7400,info@cadencecyclery.com,
BIKE WORKS,"74-5583 Luhia Street, Kailua Kona, HI  96740",www.bikeworkskona.com,808-326-2453,grant@hpbikeworks.com,
BIKEWORKS BEACH AND SPORT,"69-201 Waikoloa Beach Drive, F12, Waikoloa, HI  96738",www.bikeworkshawaii.com,808-886-5000,rich@bikeworkshawaii.com,
MID PACIFIC WHEELS,"1133 Manono Street, Suite C, Hilo, HI  96720",www.midpacificwheels.com,808-935-6211,hollinsgerlain@gmail.com,
KRANK CYCLES,"1120 Makawao Ave, Makawao, HI  96768",www.krankmaui.com,808-572-2299,moose@krankmaui.com,
MCCULLY BICYCLE & SPORTING GOODS,"932 Hausten Street, Honolulu, HI  96826",,808-946-1192,staff@mccullybike.com,
"BIKESMITH CYCLERY, LLC","723 A N Montezuma, Prescott, AZ  86301",wwwbikesmithcycle.com,928-445-0280,leah@bikesmith-cyclery.com,
OVER THE EDGE SEDONA,"1695 W Hwy 89A, Sedona, AZ  86336",www.otesedona.com,928-282-1106,Sedona@otesports.com,
HAVASU BIKE & FITNESS,"151 Swanson Ave, Lake Havasu City, AZ  86403",,928-453-9777,havasubike@npgcable.com,
SONORAN CYCLES,"3780 W Happy Valley Rd, Glendale, AZ  85310",www.sonorancycles.com,623-434-4883,info@sonorancycles.com,
FAMILY BICYCLE CENTER,"3410 South Main Street, Elkhart, IN  46517",,574-294-2865,bikedoc@bnin.net,
SPIN ZONE CYCLING,"51345 Bittersweet Road, Granger, IN  46530",www.spinzonecycling.com,574-243-4994,sheri@spinzonecycling.com,
HEARTLAND BIKE SHOP,"6435 South 600 West, Topeka, IN  46571",,260-768-8127,,
ALBRIGHTS CYCLING AND FITNESS INC,"2720 Lincoln Way West, Mishawaka, IN  46544",www.albrightscycling.com,574-255-8988,info@albrightscycling.com,
TRAIL HOUSE VILLAGE BICYCLES,"1001 East Canal Street, Winona Lake, IN  46590",,574-267-2223,barry@trailhousevillagebicycles.com,
STEVEN'S BICYCLES,"1365 North Willow Ste 150, Clovis, CA  93619",www.stevensbicycles.com,559-797-0148,info@stevensbicycles.com,
STEVEN'S BICYCLES,"4045 W Figarden Dr #105, Fresno, CA  93722",www.stevensbicycles.com,559-229-8163,george@Stevensbicycles.com,
BRIANS BICYCLES,"3059 Chateau Road, Mammoth Lakes, CA  93546",www.mammothbikesandskis.com,760-924-8566,briansbikesandxcskis@hotmail.com,
KEVIN'S BIKES,"60 West Olive Avenue, Merced, CA  95348",,209-722-2228,kevinsbikes@comcast.net,
AEROHEAD CYCLES,"312 N Warren St, Bishop, CA  93514",www.aeroheadcycles.com,760-873-4151,aeroheadbishop@gmail.com,
GIANT LAKESIDE,"2501 Lakeside Pkwy, Flower Mound, TX  75022",www.giant-lakeside.com,972-219-2453,info@giant-lakeside.com,
CADENCE CYCLERY OF HIGHLAND VILLAGE,"200 Marketplace Lane, Highland Village, TX  75077",cadencecyclery.com,972- 966-2453,info@cadencecyclery.com,
BICYCLE WORLD OF SOUTHLAKE,"1201 East Highway 114, Suite 160, Southlake, TX  76092",www.visitbicycleworld.com,817-251-9202,liesel@visitbicycleworld.com,
PLANO CYCLING & FITNESS,"605 18th Street, Plano, TX  75074",www.planocycling.com,972-423-4130,info@planocycling.com,
GIANT LITTLE ROCK,"11525 Cantrell Rd #607, Little Rock, AR  72212",www.giantlittlerock.com,501-508-5566,hello@giantlittlerock.com,
BIKES PLUS,"7007 Highway 64, Memphis, TN  38133",www.bikesplus.net,901-385-8788,info@bikesplus.net,
BERRIDGE BIKES & BOARDS,"321 Texas Boulevard, Texarkana, TX  75501",www.berridgebikes.com,903-794-2453,berridgebikes@mac.com,
THE BIKE PEDALER,"8039 Line Ave Ste D, Shreveport, LA  71106",www.bikepedaler.com,318-868-4494,milton@bikepedaleronline.com,
DOWNHILL BIKES & ACCESSORIES,"116 Flynn Road, Branson, MO  65616",www.downhillbikes.biz,417-335-4455,craigdba@aol.com,
SUNSHINE BIKE SHOP,"1926 East Sunshine Street, Springfield, MO  65804",www.sunshinebike.com,417-883-1113,kay@sunshinebike.com,
LEWIS AND CLARK OUTFITTERS,"4915 South Thompson Street, Springdale, AR  72764",www.gooutandplay.com,501-756-1344,info@gooutandplay.com,
LEWIS AND CLARK OUTFITTERS,"2530 Pinnacle Hills Parkway, Rogers, AR  72756",www.gooutandplay.com,479-845-1344,info@gooutandplay.com,
BICYCLE SPECIALISTS,"1202 South Range Line Road, Suite 2, Joplin, MO  64801",www.bicyclespecialists.com,417-781-1664,bicyclespecialists@gmail.com,
TURNER'S CYCLING & FITNESS,"8909 Santa Fe Drive, Overland Park, KS  66212",www.turnersbikes.com,913-381-5298,turnersbikes@yahoo.com,
CYCLE WORKS,"2121 Kasold Drive, Suite A, Lawrence, KS  66047",,785-842-6363,cyclwrks@sunflower.com,
THE BIKE STOP,"248 Northwest Oldham Parkway, Lees Summit, MO  64081",www.bikestoponline.com,816-525-8686,info@bikestoponline.com,
THE BIKE STOP,"925 Southwest US Highway 40, Blue Springs, MO  64015",www.bikestoponline.com,816-224-8588,info@bikestoponline.com,
CAPP'S BIKE SHOP,"2917 Southwest Topeka Boulevard, Suite B, Topeka, KS  66611",www.cappsbikeshop.com,785-266-5900,jerry@cappsbikeshop.com,
BICYCLES OF TULSA,"47333 Mingo Road, Tulsa, OK  74146",www.bicyclesoftulsa.com,918-665-2453,,
ELITE BICYCLES,"610 Shelley Drive, Tyler, TX  75701",www.elitebicyclestyler.com,903-534-9998,elitebicycles@att.net,
CAPE BICYCLE CYCLING AND FITNESS,"2410 William Street, Cape Girardeau, MO  63703",www.capebicycle.com,573-335-2453,capebicycle@yahoo.com,
TRANS AM CYCLERY,"1007 N. Washington Street, Farmington, MO  63640",,573-756-7888,southsidecyclery@sbcglobal.net,
BIKEWORLD,"809 Joe Clifton Drive, Paducah, KY  42001",www.bikeworldky.com,270-442-0751,hutch@bikeworldky.com,
THE BIKE SHOP,"109 E College, Nacogdoches, TX  75965",www.bikeshopp.com,936-569-6644,thebikeshoptexas@yahoo.com,
TAYLOR'S BIKE SHOP,"3269 West 5400 South, Taylorsville, UT  84118",www.taylorsbikeshop.com,801-969-4995,info@taylorsbikeshop.com,
BIKE CONNECTION,"2011 El Camino Real, Palo Alto, CA  94306",www.bikeconnection.net,650-853-3000,bikeconnection@sbcglobal.net,
THE OFF RAMP,"2369 El Camino Real, Santa Clara, CA  95050",www.offrampbicycles.com,408-249-2848,uslines1@aol.com,
CENTRI PEDAL BIKES LLC,"3636 Thornton Avenue, Fremont, CA  94536",www.centripedalbikes.com,510-742-2265,james@centripedalbikes.com,
HYLAND FAMILY BICYCLES,"1515 Meridian Avenue, San Jose, CA  95125",www.hylandbikes.com,408-269-2300,bill@hylandbikes.com,
EDEN BICYCLES,"3318 Village Drive, Castro Valley, CA  94546",www.edenbicycles.com,510-881-5000,info@edenbicycles.com,
BUDGET PRO BICYCLES,"2750 Colorado Boulevard, Los Angeles, CA  90041",,323-254-4160,dwhiteangel@hotmail.com,
JONES BICYCLE II,"417 S Mission Drive, San Gabriel, CA  91776",jonesbicyclestwo@sbcglobal.net,626-793-4227,jonesbicyclestwo@sbcglobal.net,
"UNIVERSAL CYCLES, INC.","3717 Cahuenga Boulevard, Studio City, CA  91604",www.universal-cycle.com,818-980-7456,universal-cycles@earthlink.net,
TOM'S BICYCLES,"6861 South Peoria Avenue, Tulsa, OK  74136",www.tomsbicycles.com,918-481-1818,tomsbicycles@gmail.com,
TOM'S BICYCLES,"1506 East 15th Street, Tulsa, OK  74120",www.tomsbicycles.com,918-592-2453,tomsbicycles@gmail.com,
OLYMPIA CYCLE,"4910 South 135th Street, Omaha, NE  68137",www.olympiacycleomaha.com,402-895-5300,olympiacycle@cox.net,
OLYMPIA CYCLE,"1324 North 40th Street, Omaha, NE  68131",www.olympiacycleomaha.com,402-554-1940,olympiacycle@cox.net,
BICYCLE CENTRE EVERETT,"4707 Evergreen Way, Suite A, Everett, WA  98203",www.bicyclecentreseverett.com,425-252-1441,bicyclecentres76@gmail.com,
PEAK CYCLES,"1224 Washington Avenue, Suite 145, Golden, CO  80401",www.bikeparts.com,303-216-1616,contact@bikeparts.com,
BREAKAWAY CYCLES,"2237 West Eisenhower Boulevard, Loveland, CO  80538",www.breakaway-cycles.com,970-663-1726,breakawaycycles001@gmail.com,
TED'S BICYCLES,"3016 North Hancock Avenue, Colorado Springs, CO  80907",www.tedsbicycles.com,719-473-6915,tedsbicycles@comcast.net,
MARTINS BIKE SHOP,"1891 Division Highway, Ephrata, PA  17522",www.giant.martinsbike.com,717-354-9127,mail@martinsbike.com,
HARPER'S BIKE SHOP,"118 Northshore Drive, Knoxville, TN  37919",www.harpersbikeshop.com,865-588-5744,harpersknoxville@gmail.com,
ASHEVILLE BICYCLE COMPANY,"1000 Merrimon Avenue, Asheville, NC  28804",www.ashevillebikecompany.com,828-774-5215,craig@skicountrysports.com,
HABERSHAM BICYCLES,"152 Anderson Circle, Alto, GA  30510",www.habershambicycles.com,706-894-2453,joe@habershambicycles.com,
AJ BIKES AND BOARDS,"1538 Bloomingdale Avenue, Valrico, FL  33594",www.ajsbikesandboards.com,813-685-2453,info@ajsbikesandboards.com,
OUTSPOKIN FAMILY BICYCLES,"2241 Gulf To Bay Boulevard, Clearwater, FL  33764",www.outspokin.net,727-723-2453,info@outspokin.net,
SAN ANTONIO CYCLERY,"32747 State Road 52, San Antonio, FL  33576",www.sananncyclery.com,352-588-2453,sananncycles@aol.com,
THE ENERGY CONSERVATORY,"745 Main Street, Dunedin, FL  34698",www.energybicycle.com,727-736-4432,energybicycle@gmail.com,
PRINCETON SPORTS,"6239 Falls Road, Baltimore, MD  21209",www.princetonsports.com,410-828-1127,jwayne@princetonsports.com,
THE HUB,"823-827 Frederick Road, Catonsville, MD  21228",www.cvillebikes.com,410-747-7433,HUBSTAFFERS@GMAIL.COM,
PRINCETON SPORTS,"10730 Little Patuxent Parkway, Columbia, MD  21044",www.princetonsports.com,410-995-1894,cadams@princetonsports.com,
LAUREL BICYCLE CENTER,"14805 Baltimore Avenue, Laurel, MD  20707",www.bicyclefun.com,301-953-1223,info@bicyclefun.com,
TALBOT'S CYCLERY OF SAN MATEO,"415 South B Street, San Mateo, CA  94401",www.talbotscyclery.com,650-931-8120,bicycles@talbotscyclery.com,
GO RIDE BICYCLES,"2755 El Camino Real, Redwood City, CA  94061",www.goridebicycles.com,650-366-2453,bob@goridebicycles.com,
OUTSPOKIN BICYCLES,"3300 South Dale Mabry Highway, Tampa, FL  33629",www.outspokin.net,813-831-1414,info@outspokin.net,
CLERMONT BICYCLES,"1712 East Highway 50, Clermont, FL  34711",www.clermontbicycles.com,352-241-6054,clermontbicycles@gmail.com,
JUNCTION BICYCLE,"10908 E Apache Trail, Apache Junction, AZ  85120",,480-380-0811,hqcycles17@gmail.com,
BICYCLE RANCH TUSCON,"7090 N Oracle Rd #198, Tucson, AZ  85704",www.bicycleranch.com,520-219-4311,steve@bicycleranch.com,
ROADRUNNER BICYCLES,"6177 East Broadway Boulevard, Tucson, AZ  85711",www.bikeaz@comcast.net,520-790-9394,bikeaz@comcast.net,
BIKE MASTERS EAST MESA,"1545 South Power Road, Suite 104, Mesa, AZ  85206",www.bikesdirectaz.com,480-981-8901,bikesdirectaz@gmail.com,
MIKE'S BIKE CHALET,"5050 E University #115 A, Mesa, AZ  85205",www.mikesbikechalet.com,480-807-2944,info@mikesbikechalet.com,
BIKES DIRECT QUEEN CREEK,"20952 South Ellsworth Loop Road, Suite 104, Queen Creek, AZ  85142",www.bikesdirectaz.com,480-888-2577,bikesdirectaz@gmail.com,
BIKE MASTERS GILBERT,"2244 E Williams Field Rd #101, Gilbert, AZ  85295",www.bikemastersaz.com,480-857-7000,bikemastersaz@gmail.com,
BICYCLE RANCH SCOTTSDALE,"15454 N Frank Lloyd Wright Blvd Ste A1, Scottsdale, AZ  85260",www.bicycleranch.com,480-614-8300,markus@bicycleranch.com,
HAVEN'S BIKES & BOARDS,"500 East Main Street, Farmington, NM  87401",,505-327-1727,bdhr@hotmail.com,
THE BIKESMITH,"901 Rio Grande Blvd NW, Albuquerque, NM  87104",www.thebikesmithllc.com, 505-242-9253,info@thebikesmithllc.com,
BIKEWORKS ALBUQUERQUE,"2920 Stanford Drive NE Suite D, Albuquerque, NM  87107",www.bikeworksabq.com,505-884-0341,bikeworksabq@gmail.com,
SAN JUAN CYCLES,"48 County Road 250, Suite 1, Durango, CO  81301",www.sanjuancycles.com,970-259-6014,tom@sanjuancycles.com,
MOUNTAIN ADVENTURE EQUIPMENT,"572 W Colorado Ave, Telluride, CO  81435",tellurideskirentals.com,970-369-7799,greg@blacktieskis.com,
CHILE PEPPER BIKE SHOP,"702 South Main Street, Moab, UT  84532",www.chilebikes.com,435-259-4688,info@chilebikes.com,
CASCADE BICYCLES,"21 N Cascade Ave, Montrose, CO  81401",www.cascadebicyclesllc.com,970-249-7375,cascadebicycles@gmail.com,
BEN'S BIKES,"7431 South Houghton Road, Tucson, AZ  85747",www.bensbikestucson.com,520-574-2453,ben@bensbikestucson.com,
SUN-N-SPOKES,"156 E Fry Blvd, Sierra Vista, AZ  85635",www.sunnspokes.com,520-458-0685,snsbike@hotmail.com,
GREEN VALLEY BIKE HUB,"284 W Calle De Las Tiendas, Green Valley, AZ  85614",www.gvbikehub.com,520-648-1308,gvbikehub@yahoo.com,
SONORAN CYCLES- TUCSON,"845 E University Blvd, Ste 165, Tucson, AZ  85719",www.sonorancycles.com,520-628-2888,info@sonorancycles.com,
AL PETRI & SONS BICYCLING,"2160 Fort Street, Lincoln Park, MI  48146",www.petribikes.com,313-381-2833,al3@petribikes.com,
AL PETRI & SONS BICYCLING,"22720 Allen Road, Trenton, MI  48183",www.petribikes.com,734-675-5566,wd@petribikes.com,
JACK'S BIKE SHOP,"24308 Michigan Avenue, Dearborn, MI  48124",www.jacksbikes.com,313-561-2560,info@jacksbikes.com,
BICYCLES OF SCOTTSDALE,"7229 E Shea Blvd, Scottsdale, AZ  85260",www.bicyclesofscottsdale.net,480-998-2776,bikesofscottsdale@gmail.com,
BICYCLE DEPOT OF ARIZONA,"6030 West Behrend Drive, Glendale, AZ  85308",www.azbicycledepot.com,623-362-4100,jhensiak@yahoo.com,
BIKE WORLD,"2320 East Flamingo Road, Las Vegas, NV  89119",,702-735-7551,bikeworld@earthlink.net,
BIKE SHOP,"2630 Windmill Parkway, Henderson, NV  89074",www.bikeshop-lv.com,702-897-1618,terrybkshop@msn.com,
SONORAN CYCLES-YUMA,"202 S. 1st Ave, Yuma, AZ  85364",www.sonorancycles.com,928-782-5414,info@sonorancycles.com,
GOLDEN SPOKE,"6710 W Thunderbird Rd, Peoria, AZ  85381",www.goldenspoke.bike,623-931-8910,vance@goldenspoke.bike,
FINISH LINE BIKES,"556 W Main, El Centro, CA  92243",,760-353-0571,ilovedirt86@hotmail.com,
TRI-A-BIKE,"44841 San Pablo Ave, Palm Desert, CA  92260",www.triabike.com,760-340-2840,info@triabike.com,
THE VELO,"828 North Second Street, Phoenix, AZ  85004",www.thevelo.com,602-759-8169,justin@thevelo.com,
SONORAN CYCLES TEMPE,"725 S Rural Rd Ste 120, Tempe, AZ  85281",www.sonorancycles.com,480-968-1008,info@sonorancycles.com,
BIKES + LIFE SCOTTSDALE,"2902 N 68th Street Ste 120, Scottsdale, AZ  85251",www.bikesandlife.com,480-773-7706,dave.skeeters47@bikesandlife.com,
BIKE MASTERS,"7014 E Camelback Rd. #2079, Scottsdale, AZ  85251",www.bikemastersaz.com,480 970-1515,bikemastersaz@gmail.com,
"D&D Bicycle Service, Inc","8383 N Middlebelt Road, Westland, MI  48185",www.ddbicyclesandhockey.com,734-522-9410,donm@ddbicyclesandhockey.com,
D & D Bicycle Service,"4141 West 12 Mile Road, Berkley, MI  48072",www.ddbicyclesandhockey.com,248-547-0770,berkleystore@ddbicyclesandhockey.com,
CYCLE TO FITNESS,"10960 Farmington Road, Livonia, MI  48150",www.cycletofitness.com,734-266-8203,daniel@cycletofitness.com,
VELOZOOM,"751 N. Monterey Street Suite 119, Gilbert, AZ  85233",,480-744-5940,customerservice@velozoom.com,
ORANGE CYCLE,"210 South Glassell Street, Orange, CA  92866",www.orangecycle.com,714 532-6838,orangecycle@aol.com,
RICHARD'S CYCLERY,"11943 Valley View Street, Garden Grove, CA  92845",,714-379-2717,richardsparkman@gmail.com,
FULLERTON BICYCLE COMPANY,"424 East Commonwealth Avenue, Fullerton, CA  92832",www.fullertonbicycle.com,714-879-8310,info@fullertonbicycle.com,
BUENA PARK BICYCLES,"6042 Beach Boulevard, Buena Park, CA  90621",www.fullertonbicycle.com,714-521-8120,info@fullertonbicycle.com,
THE CYCLERY BIKE SHOP,"15037 Imperial Highway, La Mirada, CA  90638",www.thecyclerybikeshop.com,562-943-2453,thecyclerybikeshop@earthlink.net,
GIANT LAS VEGAS,"9345 S Cimarron Rd #100, Las Vegas, NV  89178",,702-844-2453,dennis@giantlasvegas.com,
BIKE WORLD,"1901 South Rainbow Boulevard, Las Vegas, NV  89108",,702-254-1718,bikeworld@earthlink.net,
PRO CYCLERY,"9440 W Sahara Ave Suite 150, Las Vegas, NV  89117",www.procyclery.com,702-228-9460,info@procyclery.com,
THE VAULT BICYCLE SHOP,"7575 Norman Rockwell #120, Las Vegas, NV  89143",www.thevaultbicycleshop.com,702-839-9091,thevaultbicycleshop@yahoo.com,
TAKOMA BICYCLE,"7030 Carroll Avenue, Takoma Park, MD  20912",www.takomabicycle.com,301-270-0202,basawtelle@yahoo.com,
THE BICYCLE ESCAPE,"7820 Wormans Mill Road, Suite E, Frederick, MD  21701",www.thebicycleescape.com,301-663-0007,info@thebicycleescape.com,
BIKE WORKS,"104 William Street, Fredericksburg, VA  22401",www.bikeworks.us,540-373-8900,bikeworks@bikeworks.us,
QUICK RELEASE BICYCLES,"1920 Lincoln Way East, Chambersburg, PA  17202",www.qrbicycles.com,717-414-7198,josh@qrbicycles.com,
BICYCLE WAREHOUSE- CHULA VISTA,"3513 Main Street, Chula Vista, CA  91911",www.bicyclewarehouse.com,619-498-4900,debbe@bicyclewarehouse.com,
ALAMEDA BICYCLE,"1522 Park Street, Alameda, CA  94501",www.alamedabicycle.com,510-522-0070,info@alamedabicycle.com,
HANK AND FRANK BICYCLES,"6030 College Avenue, Oakland, CA  94618",www.hankandfrankbicycles.com,510-654-2453,info@hankandfrankbicycle.com,
BERKELEY CYCLE WORKS,"1619 San Pablo Ave, Berkeley, CA  94702",www.berkeleycycleworks.com,510-525-2453,info@berkeleycycleworks.com,
THE BIKE CONNECTION,"1090 Folsom Street, San Francisco, CA  94103",www.bikeconnection.net,415-934-8000,sfbikeconnection@gmail.com,
CIVIC CYCLERY,"116 Taylor St, San Francisco, CA  94102",www.ridecivic.bike,415 230-2590,ben@ridecivic.com,
BICYCLES PLEASANTON,"537 Main Street, Pleasanton, CA  94566",www.bicyclespleasanton.com,925-248-2453,weride@bicyclespleasanton.com,
DUBLIN CYCLERY,"7001 Dublin Boulevard, Dublin, CA  94568",www.dublincyclery.com,925-828-8676,DublinCycles@gmail.com,
MY BUDDY'S BIKE SHOP,"1601 B Railroad Ave, Livermore, CA  94550",www.mybuddysbikeshop.com,925-583-5454,mybuddysbikeshop@gmail.com,
6FIFTEEN CYCLERY,"3430 Camino Tassajara, Danville, CA  94506",www.6fifteencyclery.com,925-217-4563,dave@6fifteencyclery.com,
FAST BICYCLE,"2274 Alum Rock Avenue, San Jose, CA  95116",www.fastbicycleshop.com,408-251-9110,info@fastbicycleshop.com,
DANVILLE BIKE,"175 Hartz Avenue, Danville, CA  94526",www.danvillebikes.com,925-837-0966,danvillebike@aol.com,
HANK AND FRANK BICYCLES,"3377 Mount Diablo Boulevard, Lafayette, CA  94549",www.hankandfrankbicycles.com,925-283-2453,info@hankandfrankbicycle.com,
BIKE STATION,"3555 Clares Street Ste T, Capitola, CA  95010",www.bikestationaptos.com,831-226-5050,info@bikestationaptos.com,
MARKET STREET CYCLES,"1592 Market Street, San Francisco, CA  94102",www.marketstreetcycles.com,415-255-2453,marketstreetcycles@gmail.com,
AMERICAN CYCLERY,"858 Stanyan Street, San Francisco, CA  94117",www.americancyclery.com,415-876-4545,bradley@americancyclery.com,
BIG SWINGIN' CYCLES,"2260 Van Ness Avenue, San Francisco, CA  94109",www.bigswingingcycles.com,415-441-6294,brian@bigswingincycles.com,
SOUTH SHORE BIKE,"871 Emerald Bay Rd, South Lake Tahoe, CA  96150",www.southshorebikes.net,530-544-7433,southshorebikes@gmail.com,
WEST SHORE SPORTS,"5395 West Lake Boulevard, Homewood, CA  96141",www.westshoresports.com,530-525-9920,westshoresports@sbcglobal.net,
BIKE HABITAT,"911 Topsy Lane, Suite 238, Carson City, NV  89705",www.bikehabitat.com,775-267-5053,info@bikehabitat.com,
FACTORY BIKE,"3039 River Road, Olympic Valley, CA  96146",www.factorybike.net,530-581-3399,mtbtech@gmail.com,
START HAUS,"10990 Donner Pass Rd, Truckee, CA  96161",www.starthaus.com,530-582-5781,online@starthaus.com,
FOLSOM BIKE- EL DORADO HILLS,"4420 Town Center Blvd Ste 150, El Dorado Hills, CA  95762",www.tcbikeandtri.com,916-941-0900,erin@tcbikeandtri.com,
FOLSOM BIKE,"7610 Folsom Auburn Road, Suite 100, Folsom, CA  95630",www.folsombike.com,916-844-1000,contact@folsombike.com,
PATRIOT BICYCLES,"7441 Madison Avenue, Citrus Heights, CA  95610",www.patriotbicycles.com,916-961-9646,bikeshop@softcom.net,
ELK GROVE BIKE SHOP,"9633 E Stockton Blvd, Elk Grove, CA  95624",www.elkgrovebikeshop.com,916-895-2350,info@elkgrovebikeshop.com,
CARMICHAEL BIKE SHOP,"5142 Arden Way, Carmichael, CA  95608",www.carmichaelbikeshop.com,916-640-2453,info@carmichaelbikeshop.com,
ATOWN BIKES,"943 Lincoln Way, Auburn, CA  95603",www.atownbikes.net,530-820-3375,atownbikes@yahoo.com,
XTREME OUTFITTERS,"654 Maltman Drive, Grass Valley, CA  95945",www.xtremeoutfitters.net,530-477-2377,xtremeoutfitters@sbcglobal.net,
AMAIN CYCLING,"2070 E 20th Street Suite 100, Chico, CA  95928",www.amaincycling.com/giant/b1168,530-345-1910,heatherv@amain.com,
NORTH RIM ADVENTURE SPORTS,"178 E 2nd St, Chico, CA  95928",www.northrimadventure.com,530 345-2453,nras@northrimadventure.com,
TAHOE DONNER BIKE WORKS,"11509 Northwood Blvd, Truckee, CA  96161",,530-582-9694,dwalker@tahoedonner.com,
CHAIN GANG BIKE SHOP,"1540 Division Streeet, Redding, CA  96001",www.chaingangbikeshop.com,530 243-9951,bicycles@c-zone.net,
FUNSPORT BIKES,"1533 E. Briggsmore Ave, Modesto, CA  95355",www.funsportbikes.com,209-523-2700,funsportbikes@gmail.com,
WORLD OF WHEELS,"1544 Standiford Avenue, Modesto, CA  95350",www.wowbikes.com,209-522-0804,wow.frontdesk@yahoo.com,
EAST SAC BIKE SHOP,"5522 H Street, Sacramento, CA  95819",www.eastsacbikeshop.com,916-254-2453,info@eastsacbikeshop.com,
FREEWHEELER BICYCLE,"703 2nd Street, Davis, CA  95616",www.freewheelerbikes.com,530-758-5460,thefreewheeler@sbcglobal.net,
COLLEGE CYCLERY,"2760 21st Street, Sacramento, CA  95818",www.collegecyclery.biz,916-456-2042,info@collegecyclery.biz,
GREENHAVEN BIKE SHOP,"354 Florin Rd, Sacramento, CA  95831",www.greenhavenbikeshop.com,916-424-2453,info@greenhavenbikeshop.com,
PACIFICOUTFITTERS-UKIAH,"955 N State Street, Ukiah, CA  95482",www.pacificoutfitters.com,707-468-6474,ukiah@pacificoutfitters.com,
WINDSOR BICYCLE CENTER,"830 Mc Clelland Dr, Windsor, CA  95492",www.windsorbikes.com,707 836-9111,info@windsorbikes.com,
WHEELS IN MOTION,"735 First Street, Benicia, CA  94510",,707-746-8856,wheelznmotion@yahoo.com,
THE HUB,"2500 Jefferson Street, Napa, CA  94558",www.thehubnapa.com,707-253-2453,kwk4130@gmail.com,
LARKSPUR BIKE N BEAN,"556 Magnolia Ave, Larkspur, CA  94939",www.bike-n-bean.com,415-891-3376,bikelarkspur@gmail.com,
PACIFICOUTFITTERS-ARCATA,"737 G Street, Arcata, CA  95521",www.pacificoutfitters.com,707-822-0321,arcata@pacificoutfitters.com,
PACIFICOUTFITTERS-EUREKA,"1600 5th Street, Eureka, CA  95501",www.pacificoutfitters.com,707-443-6328,Aaron@pacificoutfitters.com,
MEDFORD CYCLE SPORT,"1340 Biddle Rd, Medford, OR  97504",www.roguecycle.com,541-857-0819,info@roguecycle.com,
ASHLAND CYCLE SPORT,"191 Oak Streeet, Ashland, OR  97520",www.roguecycle.com,541-488-0581,info@roguecycle.com,
THE FIFTH SEASON,"300 North Mount Shasta Boulevard, Mount Shasta, CA  96067",www.thefifthseason.com,530-926-3606,info@thefifthseason.com,
MOE'S BIKE SHOP,"1397 Sherman Avenue, North Bend, OR  97459",www.moebikes@msn.com,541-756-7536,moebikes@gte.net,
LA HABRA CYCLERY,"451 N Harbor Blvd, La Habra, CA  90631",www.lahabracyclery.com,562-691-7118,lahabracyclery@gmail.com,
K-MAN,"712 Paso Robles St, Paso Robles, CA  93446",www.teamkman.org, 805-237-2453,kmanandrobyn@gmail.com,
K-MAN,"9530 El Camino Real, Atascadero, CA  93422",www.kmancr.com,805-461-8735,kmanandrobyn@gmail.com,
FLANDERS BICYCLE,"1951 Santa Barbara Ave Unit D, San Luis Obispo, CA  93401",www.flandersbicycle.com,805-439-2900,info@flandersbicycle.com,
GIANT FINISH LINE,"5439 Calloway Drive, Bakersfield, CA  93312",www.finishlinebikes.com,661 833-6268,alan@finishlinebikes.com,
SUNSHINE BICYCLES,"311 First Street, Gilroy, CA  95020",www.sunshinebicycles.com,408-842-4889,stevew16@gmail.com,
FINISH LINE,"8850 Stockdale Highway, Bakersfield, CA  93311",www.finishlinebikes.com,661-833-6268,info@finishlinebikes.com,
BICYCLE WAREHOUSE- CARMEL MOUNTAIN,"11865 Carmel Mountain Rd. Ste. 1104, San Diego, CA  92128",www.bicyclewarehouse.com,,debbe@BicycleWarehouse.com,
BICYCLE WAREHOUSE- SAN DIEGO,"5710 Kearny Villa Rd, San Diego, CA  92123",www.bicyclewarehouse.com,858-273-7300,debbe@bicyclewarehouse.com,
BICYCLE WAREHOUSE- TEMECULA,"27250 Madison Avenue, Temecula, CA  92590",www.bicyclewarehouse.com,951-587-4110,debbe@bicyclewarehouse.com,
CHAINS REQUIRED BIKE SHOP,"41869 Big Bear Boulevard, Big Bear Lake, CA  92315",www.chainsrequiredbikeshop.com,909-878-3268,boardnbikebblk@aol.com,
MOMENT BICYCLES,"5965 Village Way E-100, San Diego, CA  92130",www.momentbicycles.com,619-523-2453,info@momentbikes.com,
DON'S BICYCLES,"384 South Riverside Avenue, Rialto, CA  92376",www.donsbikeshop.com,909-875-7310,donsbikes@att.net,
THE COMPETITIVE EDGE CYCLERY,"9889 Foothill Boulevard, Rancho Cucamonga, CA  91730",www.compedgebikes.com,909-483-2453,compedgebikes@earthlink.net,
PEDALS BICYCLE SHOP,"3765 Jurupa Ave Ste A, Riverside, CA  92506",www.pedalsbikeshop.com,951-683-5343,info@pedalsbikeshop.com,
ROY'S CYCLERY,"106 East 9th Street, Upland, CA  91786",www.royscyclery.com,909-982-8849,Mike@royscyclery.com,
WOODCREST BICYCLE,"16960 Van Buren Boulevard, Riverside, CA  92504",,951-780-4988,dubcbikes@yahoo.com,
TJ FRISBEE BICYCLES INC,"217 North Balsam Street, Ridgecrest, CA  93555",www.frisbees.com,760-375-4202,tjfrisbee@home.com,
BICYCLE JOHN'S,"26635 Valley Center Drive, Canyon Country, CA  91351",www.bicyclejohns.com/santaclarita.html,661-254-7300,mike.bicyclejohns@gmail.com,
SIMI CYCLING CENTER,"897 East Los Angeles Avenue, Simi Valley, CA  93065",www.simicyclingcenter.com,805-522-0565,simicyclingcenter@sbcglobal.net,
NEWBURY PARK BICYCLE SHOP,"2277 Pickwick Dr, Camarillo, CA  93010",,,ben@npbikeshop.com,
CYCLE STAR,"3420 Orcutt Rd #107, Santa Maria, CA  93455",www.cyclestarbikes.com,805-314-2623,chris@cyclestarbikes.com,
EPIC CYCLE AND FITNESS,"909 North Front Street, Mchenry, IL  60050",www.epiccycleandfitness.com,815-679-6334,info@epiccycleandfitness.com,
BIKE CONNECTION,"1226 North Roselle Road, Schaumburg, IL  60195",www.bikeconnection.com,847-882-7728,sales@bikeconnection.com,
SPIN DOCTOR CYCLEWERKS,"140 South Hickory Avenue, Bartlett, IL  60103",www.spindoctorcyclewerks.com,630-289-7360,bikes@spindoctorcyclewerks.com,
OPEN AIR BICYCLES,"1303 State Street, Santa Barbara, CA  93101",www.openairbicycles.com,805-962-7000,ed@openairbikes.com,
MATT CYCLING CENTER,"2427 Harbor Blvd, Ventura, CA  93001",www.mattscyclingcenter.com,805-477-0933,ssss2427@yahoo.com,
PEDALERS WEST,"5616 Van Nuys Blvd, Van Nuys, CA  91401",www.pedalerswest.com,818-787-9445,madhopr@aol.com,
SOUTH MOUNTAIN CYCLE & CAFE,"337 Chestnut Street, Emmaus, PA  18049",www.southmountaincycle.com,610-967-4490,heather@southmountaincycle.com,
ERLTON BICYCLE SHOP,"1011 Marlton Pike West, Cherry Hill, NJ  08002",www.erltonbike.com,856-428-2344,help@erltonbike.com,
THE HUB CYCLERY,"7880 Old Redwood Hwy., J, Cotati, CA  94931",www.thehubcyclery.com,707-795-6670,shop@thehubcyclery.com,
BICYCLE BRUSTOP,"830 Grant Ave, Novato, CA  94945",www.bicyclebrustop.com,415-408-3363,bikes@bicyclebrustop.com,
S’Ville Bikes,"20 Liberty Road, Suite D, Eldersburg, MD  21784",www.sykesvillebikes.com,410-795-7433,dboyle@lee-associates.com,
LUTHERVILLE BIKES,"2133 Greenspring Dr., Timonium, MD  21093",www.luthervillebikes.com,410-583-8734,ron@luthervillebikes.com,
CONTE'S BIKE SHOP-FALLS CHURCH,"7121 Leesburg Pike, Falls Church, VA  22043",www.contebikes.com,703-639-0343,david@contebikes.com,
HUTCH'S BICYCLES KLAMATH FALLS,"808 Klamath Avenue, Klamath Falls, OR  97601",www.hutchsbicycles.com,541-850-2453,info@hutchsbicycles.com,
GIANT RENO-SPARKS,"1278 Disc Drive, Sparks, NV  89436",www.giantrenosparks.com,775-507-4494,hello@giantrenosparks.com,
HIGH SIERRA CYCLING,"1141 Steamboat Parkway, Suite 920, Reno, NV  89521",www.highsierracycling.com,775-852-8850,mike@highsierracycling.com,
PAT'S 605 CYCLERY,"12310 Studebaker Road, Norwalk, CA  90650",www.pats605cyclery.com,562-864-0740,patscycle@verizon.net,
BEACH CITIES CYCLES,"5140 West 190th, Torrance, CA  90503",,310-318-6030,beachcitiescycles@verizon.net,
LONG BEACH CYCLERY,"3750 Long Beach Blvd, Long Beach, CA  90807",www.longbeachcyclery.com,562-427-9900,longbeachcyclery@gmail.com,
GIANT SANTA MONICA,"2411 Main Street, Santa Monica, CA  90405",www.giantsantamonica.com,310-399-6200,elon@giantsantamonica.com,
SMITH'S CYCLE,"2073 Pacific Coast Highway, Lomita, CA  90717",www.smithscycle.com,310-326-0617,smithscycle@sbcglobal.net,
THE BICYCLE STAND,"2740 E Broadway, Long Beach, CA  90803",www.thebicyclestand.org,562-279-4936,thebicyclestand@gmail.com,
G'S CYCLERY AND WHEELS,"6713 Greenleaf Avenue, Whittier, CA  90601",www.gscyclery.blogspot.com,562-698-9426,gscyclery@yahoo.com,
WHEEL WORLD,"22718 Ventura Boulevard, Woodland Hills, CA  91364",www.wheelworld.com,818-224-2044,sales@wheelworld.com,
NEWBURY PARK BIKE SHOP,"1602 Newbury Rd., Newbury Park, CA  91320",www.npbikeshop.com,805-498-7714,npbikeshop@msn.com,
GIANT ROWLAND HEIGHTS,"17400 Colima Rd, Rowland Heights, CA  91748",www.giantrowlandheights.com,626-810-0108,hank@giantrowlandheights.com,
ROAM CYCLERY,"15232 Goldenwest Street, Westminster, CA  92683",www.roamcyclery.com,714-677-8011,sean@roamcyclery.com,
TEAM BIKE WORKS,"8464 Indianapolis Avenue, Huntington Beach, CA  92646",,714-969-5480,teambikeretail@gmail.com,
TWO WHEELS ONE PLANET,"420 East 17th Street, Costa Mesa, CA  92627",www.twowheelsoneplanet.com,949-646-7717,Will@twowheelsoneplanet.com,
EMPIRE BIKES,"4200 Chino Hills Pkwy Ste 675, Chino Hills, CA  91709",www.empirebikes.net,909-393-2423,rocky_sanchez@yahoo.com,
JENSON USA,"2410 Wardlow Road. #109, Corona, CA  92880",www.jensonusa.com,951-736-0700,rbeck@jensonusa.com,
THE FREEWHEEL,"1920 Hayes Street, San Francisco, CA  94117",www.thefreewheel.com,415-643-9213,mr.corujo@gmail.com,
AMERICAN CYCLERY,"510 Frederick Street, San Francisco, CA  94117",www.americancyclery.com,415-664-4545,brad@americancyclery.com,
HOLLYLOFT SKI & BIKE,"600 Fairmount Avenue, Jamestown, NY  14701",www.hollyloft.com,716-483-2330,hollyloft@gmail.com,
MOUNTAIN ROAD CYCLES,"109 South Street, Chardon, OH  44024",www.mtnroadcycles.com,440-279-0374,jacob@mtnroadcycles.com,
FRANKFORD BICYCLE,"964 North State Street, Girard, OH  44420",www.frankfordbike.com,330-545-0392,sales@frankfordbike.com,
AUSTINTOWN GLENWOOD CYCLE,"69 Fitch Boulevard, Youngstown, OH  44515",www.agcycle.com,330-793-7343,agcycle@zoominternet.net,
MENIFEE BICYCLES,"26100 Newport Road, Suite A-20
, Menifee, CA  92584",www.menifeebicycles.com,951-672-1637,craigstown@verizon.net,
The Path Bike Shop,"30555 Trabuco Canyon Oak Rd, Trabuco Canyon, CA  92679",www.thepathbikeshop.com,949-589-2800,tani@thepathbikeshop.com,
BUY MY BIKES - SOUTH COUNTY CYCLERY,"32302 Camino Capistrano, San Juan Capistrano, CA  92675",www.buymybikes.com,949-493-5611,info@buymybikes.com,
"Bay Bikes of Monterey, Inc.","3600 The Barnyard, Carmel, CA  93923",www.baybikes.com,831-655-2453,devin@baybikes.com,
SPORTS CENTER BICYCLES,"1576 Del Monte Boulevard, Seaside, CA  93955",www.sportscenterbicycles.net,831-899-1300,yurtslog888@gmail.com,
WORK HORSE BICYCLES,"486 Washington St, Monterey, CA  93940",workhorsebicycles.com,831-375-2144,workhorsebicycles@gmail.com,
Bay Bikes,"601Wave St, Monterey, CA  93940",www.baybikes.com,831-655-2453,info@baybikes.com,
SANTA CRUZ CYCLE WORKS,"1420 Mission Street, Santa Cruz, CA  95060",,831-316-7671,santacruzcycleworks@gmail.com,
BICYCLE TRIP,"1001 Soquel Avenue, Santa Cruz, CA  95062",www.bicycletrip.com,831-427-2580,info@bicycletrip.com,
MINEOLA BICYCLE SERVICE,"475 Jericho Turnpike, Mineola, NY  11501",,516-742-5253,sales@mineolabicycle.com,
ROBERTS BICYCLES,"33-13 Francis Lewis Boulevard, Flushing, NY  11358",,718-353-5432,robertsbike@verizon.net,
THE PATH BIKE SHOP INC,"215 W First St #102, Tustin, CA  92780",www.thepathbikeshop.com,714-669-0784,tani@thepathbikeshop.com,
PURE RIDE CYCLES,"24844 Muirlands Boulevard, Lake Forest, CA  92630",www.pureridecycles.com,949-581-8900,kll@pureridecycles.com,
LAGUNA BEACH CYCLERY,"240 Thalia St, Laguna Beach, CA  92651",www.lagunabeachcyclery.com,949 494-1522,info@lagunabeachcyclery.com,
THE BIKE RACK,"1412 Q Street Northwest, Washington, DC  20009",www.bikerackdc.com,202-387-2453,info@bikerackdc.com,
PAPILLON CYCLES,"2805 Columbia Pike, Arlington, VA  22204",www.on-the-pike.com/papillon,703-920-9494,papilloncycles@gmail.com,
ARROW BICYCLE,"5108 Baltimore Avenue, Hyattsville, MD  20781",www.arrowbicycle.com,301-531-9250,cdavidson@arrowbicycle.com,
CITRUS CYCLERY,"9022 Pulsar Court, Suite C & D, Corona, CA  92883",www.citruscyclery.com,951-444-7353,wes@citruscyclery.com,
DON'S BICYCLE STORE INC,"700 East Redlands Boulevard, Suite B1, Redlands, CA  92373",www.donsbikeshop.com,909-792-3399,donsbikes@att.net,
BICYCLE WAREHOUSE- ENCINITAS,"328 North El Camino Real, Encinitas, CA  92024",www.bicyclewarehouse.com,760-635-4500,debbe@bicyclewarehouse.com,
FULL CIRCLE CYCLE,"2445 South Hiawasee Road, Orlando, FL  32835",www.FullCircleCycleOrlando.com,407-297-1550,veloprise@yahoo.com,
KYLE'S BIKE SHOP,"203 North Primrose Drive, Orlando, FL  32803",www.kylesbikeshop.net,407-228-7088,info@kylesbikeshop.net,
VILLAGE CYCLES,"3616 Kiessel, The Villages, FL  32163",www.thevillagecycles.com,,villagecycles@yahoo.com,
"VILLAGE CYCLES, INC","1102 Bichara Boulevard, Lady Lake, FL  32159",www.thevillagecycles.com,352-751-3443,villagecycles@yahoo.com,
BICYCLE WAREHOUSE- SAN MARCOS,"5710 Kearny Villa Rd, Suite D, San Diego, CA  92123",www.bicyclewarehouse.com,760-233-9900,debbe@bicyclewarehouse.com,
CAL COAST BICYCLES,"3020 Adams Avenue, San Diego, CA  92116",www.calcoastbicycles.com,619-281-7433,info@calcoastbicycles.com,
MOMENT BICYCLES,"2816 Historic Decatur Road, Suite 135, San Diego, CA  92106",www.momentbicycles.com,619-523-2453,info@momentbikes.com,
BICYCLE WAREHOUSE- PACIFIC BEACH,"4650 Santa Fe St., San Diego, CA  92109",www.bicyclewarehouse.com,858-292-8449,debbe@bicyclewarehouse.com,
WAYNE CYCLERY,"309 North Pine, Grand Island, NE  68801",www.waynecyclery.com,308-382-4223,john@waynecyclery.com,
GERMANTOWN CYCLES,"12615 Wisteria Drive, Suite C, Germantown, MD  20874",www.germantowncycles.com,240-404-0695,craig@germantowncycles.com,
CENTURY CYCLES,"1059 North Court Street, Medina, OH  44256",www.centurycycles.com,330-722-7119,info@centurycycles.com,
,,www.winds,,,
